"Time","AVG","P95","P99"
2026-09-10 12:00:00,834 ms,1.76 s,1.95 s
2026-09-10 12:00:30,772 ms,1.61 s,1.92 s
2026-09-10 12:01:00,679 ms,1.37 s,1.87 s
2026-09-10 12:01:30,715 ms,1.61 s,1.92 s
2026-09-10 12:02:00,697 ms,1.58 s,1.91 s
2026-09-10 12:02:30,695 ms,1.64 s,1.93 s
2026-09-10 12:03:00,697 ms,1.60 s,1.92 s
2026-09-10 12:03:30,708 ms,1.62 s,1.92 s
2026-09-10 12:04:00,749 ms,1.74 s,1.95 s
2026-09-10 12:04:30,792 ms,1.80 s,1.96 s
2026-09-10 12:05:00,797 ms,1.77 s,1.95 s
2026-09-10 12:05:30,745 ms,1.72 s,1.95 s
2026-09-10 12:06:00,796 ms,1.82 s,1.96 s
2026-09-10 12:06:30,885 ms,1.85 s,1.97 s
2026-09-10 12:07:00,816 ms,1.81 s,1.96 s
2026-09-10 12:07:30,752 ms,1.78 s,1.96 s
2026-09-10 12:08:00,793 ms,1.79 s,1.96 s
2026-09-10 12:08:30,743 ms,1.55 s,1.91 s
2026-09-10 12:09:00,754 ms,1.52 s,1.91 s
2026-09-10 12:09:30,804 ms,1.80 s,1.96 s
2026-09-10 12:10:00,816 ms,1.82 s,1.96 s
2026-09-10 12:10:30,785 ms,1.73 s,1.95 s
2026-09-10 12:11:00,820 ms,1.80 s,1.96 s
2026-09-10 12:11:30,822 ms,1.81 s,1.96 s
2026-09-10 12:12:00,740 ms,1.70 s,1.94 s
2026-09-10 12:12:30,751 ms,1.74 s,1.95 s
2026-09-10 12:13:00,743 ms,1.66 s,1.93 s
2026-09-10 12:13:30,706 ms,1.37 s,1.87 s
2026-09-10 12:14:00,803 ms,1.74 s,1.95 s
2026-09-10 12:14:30,857 ms,1.80 s,1.96 s
2026-09-10 12:15:00,815 ms,1.77 s,1.95 s
2026-09-10 12:15:30,796 ms,1.74 s,1.95 s
2026-09-10 12:16:00,753 ms,1.66 s,1.93 s
2026-09-10 12:16:30,772 ms,1.74 s,1.95 s
2026-09-10 12:17:00,755 ms,1.72 s,1.94 s
2026-09-10 12:17:30,710 ms,1.64 s,1.93 s
2026-09-10 12:18:00,735 ms,1.59 s,1.92 s
2026-09-10 12:18:30,756 ms,1.49 s,1.90 s
2026-09-10 12:19:00,803 ms,1.77 s,1.95 s
2026-09-10 12:19:30,868 ms,1.85 s,1.97 s
2026-09-10 12:20:00,834 ms,1.83 s,1.97 s
2026-09-10 12:20:30,815 ms,1.84 s,1.97 s
2026-09-10 12:21:00,828 ms,1.83 s,1.97 s
2026-09-10 12:21:30,745 ms,1.67 s,1.93 s
2026-09-10 12:22:00,669 ms,1.33 s,1.87 s
2026-09-10 12:22:30,683 ms,1.27 s,1.85 s
2026-09-10 12:23:00,752 ms,1.69 s,1.94 s
2026-09-10 12:23:30,840 ms,1.81 s,1.96 s
2026-09-10 12:24:00,848 ms,1.82 s,1.96 s
2026-09-10 12:24:30,836 ms,1.77 s,1.95 s
2026-09-10 12:25:00,809 ms,1.77 s,1.95 s
2026-09-10 12:25:30,801 ms,1.80 s,1.96 s
2026-09-10 12:26:00,803 ms,1.80 s,1.96 s
2026-09-10 12:26:30,764 ms,1.74 s,1.95 s
2026-09-10 12:27:00,785 ms,1.72 s,1.94 s
2026-09-10 12:27:30,772 ms,1.76 s,1.95 s
2026-09-10 12:28:00,769 ms,1.77 s,1.95 s
2026-09-10 12:28:30,826 ms,1.81 s,1.96 s
2026-09-10 12:29:00,855 ms,1.81 s,1.96 s
2026-09-10 12:29:30,872 ms,1.83 s,1.97 s
2026-09-10 12:30:00,829 ms,1.82 s,1.96 s
2026-09-10 12:30:30,811 ms,1.80 s,1.96 s
2026-09-10 12:31:00,788 ms,1.78 s,1.96 s
2026-09-10 12:31:30,752 ms,1.74 s,1.95 s
2026-09-10 12:32:00,699 ms,1.61 s,1.92 s
2026-09-10 12:32:30,716 ms,1.72 s,1.94 s
2026-09-10 12:33:00,830 ms,1.83 s,1.97 s
2026-09-10 12:33:30,879 ms,1.82 s,1.96 s
2026-09-10 12:34:00,863 ms,1.82 s,1.96 s
2026-09-10 12:34:30,811 ms,1.79 s,1.96 s
2026-09-10 12:35:00,750 ms,1.71 s,1.94 s
2026-09-10 12:35:30,779 ms,1.72 s,1.94 s
2026-09-10 12:36:00,775 ms,1.69 s,1.94 s
2026-09-10 12:36:30,710 ms,1.67 s,1.93 s
2026-09-10 12:37:00,782 ms,1.79 s,1.96 s
2026-09-10 12:37:30,788 ms,1.71 s,1.94 s
2026-09-10 12:38:00,719 ms,1.07 s,1.82 s
2026-09-10 12:38:30,727 ms,1.56 s,1.91 s
2026-09-10 12:39:00,818 ms,1.87 s,3.08 s
2026-09-10 12:39:30,828 ms,1.90 s,3.14 s
2026-09-10 12:40:00,758 ms,1.77 s,1.95 s
2026-09-10 12:40:30,754 ms,1.67 s,1.93 s
2026-09-10 12:41:00,743 ms,1.72 s,1.94 s
2026-09-10 12:41:30,759 ms,1.76 s,1.95 s
2026-09-10 12:42:00,847 ms,1.83 s,1.97 s
2026-09-10 12:42:30,854 ms,1.83 s,1.97 s
2026-09-10 12:43:00,790 ms,1.78 s,1.96 s
2026-09-10 12:43:30,824 ms,1.81 s,1.96 s
2026-09-10 12:44:00,816 ms,1.82 s,1.96 s
2026-09-10 12:44:30,841 ms,1.83 s,1.97 s
2026-09-10 12:45:00,839 ms,1.82 s,1.96 s
2026-09-10 12:45:30,805 ms,1.80 s,1.96 s
2026-09-10 12:46:00,797 ms,1.78 s,1.96 s
2026-09-10 12:46:30,750 ms,1.69 s,1.94 s
2026-09-10 12:47:00,852 ms,1.84 s,1.97 s
2026-09-10 12:47:30,885 ms,1.87 s,1.97 s
2026-09-10 12:48:00,746 ms,1.72 s,1.94 s
2026-09-10 12:48:30,778 ms,1.71 s,1.94 s
2026-09-10 12:49:00,854 ms,1.80 s,1.96 s
2026-09-10 12:49:30,842 ms,1.81 s,1.96 s
2026-09-10 12:50:00,844 ms,1.82 s,1.96 s
2026-09-10 12:50:30,825 ms,1.77 s,1.95 s
2026-09-10 12:51:00,778 ms,1.65 s,1.93 s
2026-09-10 12:51:30,717 ms,1.65 s,1.93 s
2026-09-10 12:52:00,746 ms,1.76 s,1.95 s
2026-09-10 12:52:30,749 ms,1.70 s,1.94 s
2026-09-10 12:53:00,1.24 s,3.79 s,5.30 s
2026-09-10 12:53:30,2.29 s,3.93 s,5.30 s
2026-09-10 12:54:00,3.04 s,5.43 s,5.89 s
2026-09-10 12:54:30,2.99 s,5.61 s,5.92 s
2026-09-10 12:55:00,2.44 s,4.40 s,5.68 s
2026-09-10 12:55:30,2.51 s,3.95 s,5.36 s
2026-09-10 12:56:00,2.63 s,5.40 s,5.88 s
2026-09-10 12:56:30,2.72 s,5.55 s,5.91 s
2026-09-10 12:57:00,2.66 s,5.73 s,7.44 s
2026-09-10 12:57:30,2.45 s,5.00 s,7.40 s
2026-09-10 12:58:00,2.61 s,5.00 s,5.80 s
2026-09-10 12:58:30,2.77 s,5.53 s,5.91 s
2026-09-10 12:59:00,2.50 s,5.25 s,5.85 s
2026-09-10 12:59:30,2.19 s,3.94 s,5.32 s
2026-09-10 13:00:00,2.37 s,4.90 s,5.78 s
2026-09-10 13:00:30,2.86 s,5.80 s,7.36 s
2026-09-10 13:01:00,3.11 s,6.25 s,7.65 s
2026-09-10 13:01:30,2.68 s,5.57 s,7.34 s
2026-09-10 13:02:00,2.43 s,5.07 s,5.81 s
2026-09-10 13:02:30,2.70 s,5.40 s,5.88 s
2026-09-10 13:03:00,2.66 s,4.60 s,5.72 s
2026-09-10 13:03:30,2.43 s,3.86 s,3.97 s
2026-09-10 13:04:00,2.20 s,3.86 s,3.97 s
2026-09-10 13:04:30,2.58 s,5.13 s,5.82 s
2026-09-10 13:05:00,2.81 s,5.43 s,5.89 s
2026-09-10 13:05:30,2.42 s,4.50 s,5.70 s
2026-09-10 13:06:00,2.06 s,3.84 s,3.97 s
2026-09-10 13:06:30,2.58 s,5.23 s,5.85 s
2026-09-10 13:07:00,3.09 s,5.81 s,7.34 s
2026-09-10 13:07:30,2.92 s,5.83 s,7.30 s
2026-09-10 13:08:00,2.61 s,5.48 s,5.90 s
2026-09-10 13:08:30,2.81 s,5.57 s,5.91 s
2026-09-10 13:09:00,2.88 s,5.89 s,7.36 s
2026-09-10 13:09:30,3.03 s,6.45 s,7.69 s
2026-09-10 13:10:00,2.84 s,5.80 s,7.40 s
2026-09-10 13:10:30,2.40 s,4.55 s,5.71 s
2026-09-10 13:11:00,2.88 s,5.00 s,5.80 s
2026-09-10 13:11:30,3.01 s,5.42 s,5.88 s
2026-09-10 13:12:00,2.69 s,5.23 s,5.85 s
2026-09-10 13:12:30,2.47 s,4.87 s,5.77 s
2026-09-10 13:13:00,2.57 s,5.30 s,5.86 s
2026-09-10 13:13:30,2.91 s,5.72 s,7.26 s
2026-09-10 13:14:00,3.16 s,6.83 s,7.77 s
2026-09-10 13:14:30,2.85 s,6.50 s,7.70 s
2026-09-10 13:15:00,2.57 s,4.60 s,5.72 s
2026-09-10 13:15:30,2.86 s,5.54 s,5.91 s
2026-09-10 13:16:00,2.73 s,5.60 s,5.92 s
2026-09-10 13:16:30,2.45 s,5.20 s,5.84 s
2026-09-10 13:17:00,2.61 s,4.90 s,5.78 s
2026-09-10 13:17:30,2.88 s,5.03 s,5.81 s
2026-09-10 13:18:00,3.12 s,5.37 s,5.88 s
2026-09-10 13:18:30,2.63 s,5.03 s,5.81 s
2026-09-10 13:19:00,2.38 s,4.93 s,5.79 s
2026-09-10 13:19:30,2.49 s,4.30 s,5.66 s
2026-09-10 13:20:00,2.61 s,4.20 s,5.64 s
2026-09-10 13:20:30,2.89 s,5.43 s,5.89 s
2026-09-10 13:21:00,2.80 s,5.34 s,5.87 s
2026-09-10 13:21:30,2.98 s,6.40 s,7.68 s
2026-09-10 13:22:00,3.19 s,7.07 s,7.81 s
2026-09-10 13:22:30,2.58 s,5.83 s,7.50 s
2026-09-10 13:23:00,2.30 s,4.50 s,5.70 s
2026-09-10 13:23:30,2.59 s,4.30 s,5.66 s
2026-09-10 13:24:00,2.99 s,5.00 s,5.80 s
2026-09-10 13:24:30,2.85 s,5.03 s,5.81 s
2026-09-10 13:25:00,2.20 s,3.93 s,5.34 s
2026-09-10 13:25:30,2.24 s,3.94 s,5.36 s
2026-09-10 13:26:00,2.93 s,5.34 s,5.87 s
2026-09-10 13:26:30,2.84 s,5.40 s,5.88 s
2026-09-10 13:27:00,2.35 s,4.30 s,5.66 s
2026-09-10 13:27:30,2.46 s,3.95 s,5.40 s
2026-09-10 13:28:00,2.67 s,5.38 s,5.88 s
2026-09-10 13:28:30,2.69 s,5.40 s,5.88 s
2026-09-10 13:29:00,2.36 s,4.50 s,5.70 s
2026-09-10 13:29:30,2.18 s,3.94 s,5.36 s
2026-09-10 13:30:00,2.75 s,4.40 s,5.68 s
2026-09-10 13:30:30,3.17 s,5.38 s,5.88 s
2026-09-10 13:31:00,2.68 s,5.03 s,5.81 s
2026-09-10 13:31:30,2.14 s,3.85 s,3.97 s
2026-09-10 13:32:00,2.57 s,4.40 s,5.68 s
2026-09-10 13:32:30,2.91 s,5.65 s,7.32 s
2026-09-10 13:33:00,2.73 s,5.72 s,7.32 s
2026-09-10 13:33:30,2.65 s,5.00 s,5.80 s
2026-09-10 13:34:00,2.92 s,4.60 s,5.72 s
2026-09-10 13:34:30,2.56 s,5.45 s,7.38 s
2026-09-10 13:35:00,2.62 s,5.70 s,7.42 s
2026-09-10 13:35:30,2.55 s,5.03 s,5.81 s
2026-09-10 13:36:00,2.24 s,4.55 s,5.71 s
2026-09-10 13:36:30,2.83 s,5.47 s,5.89 s
2026-09-10 13:37:00,2.94 s,5.48 s,5.90 s
2026-09-10 13:37:30,2.45 s,4.50 s,5.70 s
2026-09-10 13:38:00,2.25 s,3.86 s,3.97 s
2026-09-10 13:38:30,2.45 s,3.87 s,3.97 s
2026-09-10 13:39:00,2.83 s,5.38 s,5.88 s
2026-09-10 13:39:30,2.93 s,5.60 s,5.92 s
2026-09-10 13:40:00,2.68 s,5.15 s,5.83 s
2026-09-10 13:40:30,2.77 s,5.17 s,5.83 s
2026-09-10 13:41:00,2.39 s,4.97 s,5.79 s
2026-09-10 13:41:30,2.32 s,3.96 s,5.46 s
2026-09-10 13:42:00,2.31 s,3.95 s,5.40 s
2026-09-10 13:42:30,2.22 s,3.85 s,3.97 s
2026-09-10 13:43:00,2.95 s,5.20 s,5.84 s
2026-09-10 13:43:30,3.02 s,5.42 s,5.88 s
2026-09-10 13:44:00,2.37 s,3.95 s,5.38 s
2026-09-10 13:44:30,2.39 s,5.15 s,5.83 s
2026-09-10 13:45:00,2.57 s,5.45 s,5.89 s
2026-09-10 13:45:30,2.60 s,6.25 s,7.65 s
2026-09-10 13:46:00,2.83 s,6.40 s,7.68 s
2026-09-10 13:46:30,2.76 s,4.60 s,5.72 s
2026-09-10 13:47:00,2.86 s,5.32 s,5.87 s
2026-09-10 13:47:30,2.43 s,5.30 s,5.86 s
2026-09-10 13:48:00,2.71 s,5.63 s,5.93 s
2026-09-10 13:48:30,2.79 s,5.59 s,5.92 s
2026-09-10 13:49:00,2.34 s,4.35 s,5.67 s
2026-09-10 13:49:30,2.89 s,5.78 s,7.38 s
2026-09-10 13:50:00,3.03 s,5.78 s,7.42 s
2026-09-10 13:50:30,2.37 s,3.95 s,5.36 s
2026-09-10 13:51:00,2.13 s,3.94 s,5.36 s
2026-09-10 13:51:30,2.34 s,3.95 s,5.34 s
2026-09-10 13:52:00,2.75 s,6.15 s,7.63 s
2026-09-10 13:52:30,3.04 s,6.35 s,7.67 s
2026-09-10 13:53:00,2.76 s,5.40 s,5.88 s
2026-09-10 13:53:30,2.99 s,5.87 s,7.42 s
2026-09-10 13:54:00,2.76 s,5.85 s,7.42 s
2026-09-10 13:54:30,2.37 s,3.95 s,5.42 s
2026-09-10 13:55:00,2.36 s,3.86 s,3.97 s
2026-09-10 13:55:30,2.46 s,3.95 s,5.36 s
2026-09-10 13:56:00,2.81 s,4.90 s,5.78 s
2026-09-10 13:56:30,2.62 s,4.65 s,5.73 s
2026-09-10 13:57:00,2.11 s,3.83 s,3.97 s
2026-09-10 13:57:30,2.38 s,4.77 s,5.75 s
2026-09-10 13:58:00,2.71 s,5.47 s,5.89 s
2026-09-10 13:58:30,2.66 s,5.36 s,5.87 s
2026-09-10 13:59:00,2.84 s,5.72 s,7.32 s
2026-09-10 13:59:30,3.02 s,5.70 s,7.36 s
2026-09-10 14:00:00,2.98 s,5.42 s,5.88 s
2026-09-10 14:00:30,2.60 s,5.42 s,5.88 s
2026-09-10 14:01:00,2.18 s,3.95 s,5.42 s
2026-09-10 14:01:30,2.14 s,3.86 s,3.97 s
2026-09-10 14:07:30,2.98 s,5.30 s,5.86 s
2026-09-10 14:08:00,2.99 s,5.28 s,5.86 s
2026-09-10 14:08:30,3.09 s,5.28 s,5.86 s
2026-09-10 14:09:00,2.76 s,5.23 s,5.85 s
2026-09-10 14:09:30,2.67 s,5.20 s,5.84 s
2026-09-10 14:10:00,2.82 s,5.25 s,5.85 s
2026-09-10 14:10:30,2.75 s,6.45 s,7.69 s
2026-09-10 14:11:00,2.82 s,6.40 s,7.68 s
2026-09-10 14:11:30,2.97 s,5.64 s,5.93 s
2026-09-10 14:12:00,3.07 s,5.90 s,7.46 s
2026-09-10 14:12:30,2.55 s,5.80 s,7.44 s
2026-09-10 14:13:00,2.99 s,5.91 s,7.48 s
2026-09-10 14:13:30,2.98 s,5.82 s,7.42 s
2026-09-10 14:14:00,2.47 s,3.94 s,5.30 s
2026-09-10 14:14:30,2.99 s,5.67 s,7.20 s
2026-09-10 14:15:00,3.07 s,5.77 s,7.24 s
2026-09-10 14:15:30,2.33 s,4.83 s,5.77 s
2026-09-10 14:16:00,2.01 s,3.83 s,3.97 s
2026-09-10 14:16:30,2.36 s,5.05 s,5.81 s
2026-09-10 14:17:00,2.95 s,5.59 s,5.92 s
2026-09-10 14:17:30,3.12 s,6.25 s,7.65 s
2026-09-10 14:18:00,2.64 s,6.20 s,7.64 s
2026-09-10 14:18:30,2.63 s,5.26 s,5.85 s
2026-09-10 14:19:00,3.11 s,5.68 s,5.94 s
2026-09-10 14:19:30,3.57 s,7.10 s,7.82 s
2026-09-10 14:20:00,2.99 s,7.13 s,7.82 s
2026-09-10 14:20:30,2.36 s,4.30 s,5.66 s
2026-09-10 14:21:00,2.63 s,5.07 s,5.82 s
2026-09-10 14:21:30,2.67 s,5.24 s,5.85 s
2026-09-10 14:22:00,2.53 s,4.73 s,5.75 s
2026-09-10 14:22:30,2.34 s,4.20 s,5.64 s
2026-09-10 14:23:00,2.37 s,5.22 s,5.84 s
2026-09-10 14:23:30,2.52 s,5.30 s,5.86 s
2026-09-10 14:24:00,2.85 s,5.73 s,7.22 s
2026-09-10 14:24:30,3.05 s,5.79 s,7.26 s
2026-09-10 14:25:00,2.87 s,5.28 s,5.86 s
2026-09-10 14:25:30,3.01 s,5.60 s,5.92 s
2026-09-10 14:26:00,2.54 s,5.57 s,5.91 s
2026-09-10 14:26:30,2.38 s,4.80 s,5.76 s
2026-09-10 14:27:00,2.59 s,5.28 s,5.86 s
2026-09-10 14:27:30,2.50 s,5.37 s,5.87 s
2026-09-10 14:28:00,2.96 s,5.49 s,5.90 s
2026-09-10 14:28:30,2.94 s,5.30 s,5.86 s
2026-09-10 14:29:00,2.72 s,5.50 s,5.90 s
2026-09-10 14:29:30,2.54 s,5.43 s,5.89 s
2026-09-10 14:30:00,2.61 s,4.95 s,5.79 s
2026-09-10 14:30:30,2.74 s,5.43 s,5.89 s
2026-09-10 14:31:00,3.07 s,6.63 s,7.73 s
2026-09-10 14:31:30,3.07 s,6.57 s,7.71 s
2026-09-10 14:32:00,2.58 s,4.70 s,5.74 s
2026-09-10 14:32:30,2.58 s,5.24 s,5.85 s
2026-09-10 14:33:00,3.26 s,5.75 s,5.95 s
2026-09-10 14:33:30,3.36 s,5.73 s,5.95 s
2026-09-10 14:34:00,2.60 s,5.38 s,5.88 s
2026-09-10 14:34:30,2.60 s,5.35 s,5.87 s
2026-09-10 14:35:00,2.88 s,5.28 s,5.86 s
2026-09-10 14:35:30,2.69 s,4.83 s,5.77 s
2026-09-10 14:36:00,2.48 s,4.20 s,5.64 s
2026-09-10 14:36:30,2.47 s,5 s,5.80 s
2026-09-10 14:37:00,2.41 s,4.92 s,5.79 s
2026-09-10 14:37:30,2.90 s,5.95 s,9.14 s
2026-09-10 14:38:00,3.06 s,6 s,9.20 s
2026-09-10 14:38:30,2.70 s,5.15 s,5.83 s
2026-09-10 14:39:00,2.85 s,6.25 s,7.65 s
2026-09-10 14:39:30,2.52 s,6.15 s,7.63 s
2026-09-10 14:40:00,2.51 s,5.30 s,5.86 s
2026-09-10 14:40:30,2.54 s,5.32 s,5.86 s
2026-09-10 14:41:00,2.35 s,3.86 s,3.97 s
2026-09-10 14:41:30,2.88 s,5.26 s,5.85 s
2026-09-10 14:42:00,2.87 s,5.37 s,5.87 s
2026-09-10 14:42:30,2.31 s,3.93 s,5.26 s
2026-09-10 14:43:00,2.09 s,3.83 s,3.97 s
2026-09-10 14:43:30,2.43 s,4.10 s,5.62 s
2026-09-10 14:44:00,3.12 s,5.70 s,7.24 s
2026-09-10 14:44:30,3.24 s,5.71 s,7.14 s
2026-09-10 14:45:00,2.78 s,5.05 s,5.81 s
2026-09-10 14:45:30,3.01 s,5.77 s,7.32 s
2026-09-10 14:46:00,2.94 s,5.73 s,7.22 s
2026-09-10 14:46:30,2.60 s,5.07 s,5.82 s
2026-09-10 14:47:00,2.37 s,4.90 s,5.78 s
2026-09-10 14:47:30,2.27 s,3.86 s,3.97 s
2026-09-10 14:48:00,2.48 s,4.15 s,5.63 s
2026-09-10 14:48:30,2.62 s,5.28 s,5.86 s
2026-09-10 14:49:00,2.63 s,4.83 s,5.77 s
2026-09-10 14:49:30,2.23 s,3.84 s,3.97 s
2026-09-10 14:50:00,2.61 s,5.50 s,5.90 s
2026-09-10 14:50:30,3.02 s,5.57 s,5.91 s
2026-09-10 14:51:00,2.71 s,5.33 s,5.87 s
2026-09-10 14:51:30,2.67 s,5.73 s,7.22 s
2026-09-10 14:52:00,2.87 s,5.68 s,7.28 s
2026-09-10 14:52:30,2.81 s,5.51 s,5.90 s
2026-09-10 14:53:00,2.88 s,5.68 s,5.94 s
2026-09-10 14:53:30,2.86 s,5.65 s,5.93 s
2026-09-10 14:54:00,2.46 s,4.87 s,5.77 s
2026-09-10 14:54:30,2.47 s,4.80 s,5.76 s
2026-09-10 14:55:00,2.68 s,5.46 s,5.89 s
2026-09-10 14:55:30,2.78 s,5.43 s,5.89 s
2026-09-10 14:56:00,2.61 s,5.24 s,5.85 s
2026-09-10 14:56:30,2.46 s,5.58 s,7.18 s
2026-09-10 14:57:00,2.75 s,5.65 s,7.18 s
2026-09-10 14:57:30,2.92 s,5.97 s,7.58 s
2026-09-10 14:58:00,3.13 s,6.25 s,7.65 s
2026-09-10 14:58:30,3.04 s,5.79 s,7.26 s
2026-09-10 14:59:00,2.91 s,5.78 s,7.20 s
2026-09-10 14:59:30,2.84 s,5.59 s,5.92 s
2026-09-10 15:00:00,2.48 s,4.83 s,5.77 s
2026-09-10 15:00:30,2.27 s,4.87 s,5.77 s
2026-09-10 15:01:00,2.54 s,5.30 s,5.86 s
2026-09-10 15:01:30,3.03 s,5.50 s,5.90 s
2026-09-10 15:02:00,2.97 s,5.40 s,5.88 s
2026-09-10 15:02:30,2.43 s,4.25 s,5.65 s
2026-09-10 15:03:00,2.22 s,3.92 s,5.24 s
2026-09-10 15:03:30,2.51 s,4.73 s,5.75 s
2026-09-10 15:04:00,3.08 s,6.60 s,9.32 s
2026-09-10 15:04:30,3.06 s,6.30 s,9.26 s
2026-09-10 15:05:00,2.88 s,5.57 s,5.91 s
2026-09-10 15:05:30,2.92 s,5.54 s,5.91 s
2026-09-10 15:06:00,2.86 s,5.54 s,5.91 s
2026-09-10 15:06:30,2.79 s,5.55 s,5.91 s
2026-09-10 15:07:00,2.42 s,5.28 s,5.86 s
2026-09-10 15:07:30,2.50 s,5.28 s,5.86 s
2026-09-10 15:08:00,2.42 s,5.10 s,5.82 s
2026-09-10 15:08:30,2.60 s,5.28 s,5.86 s
2026-09-10 15:09:00,2.78 s,5.43 s,5.89 s
2026-09-10 15:09:30,2.51 s,5.02 s,5.80 s
2026-09-10 15:10:00,2.44 s,4.67 s,5.73 s
2026-09-10 15:10:30,2.33 s,3.86 s,3.97 s
2026-09-10 15:11:00,2.71 s,5.41 s,5.88 s
2026-09-10 15:11:30,3.13 s,5.69 s,5.94 s
2026-09-10 15:12:00,2.67 s,5.30 s,5.86 s
2026-09-10 15:12:30,2.56 s,5.02 s,5.80 s
2026-09-10 15:13:00,2.52 s,5.22 s,5.84 s
2026-09-10 15:13:30,2.80 s,5.75 s,7.30 s
2026-09-10 15:14:00,2.81 s,5.75 s,7.30 s
2026-09-10 15:14:30,2.13 s,4.20 s,5.64 s
2026-09-10 15:15:00,2.45 s,5.05 s,5.81 s
2026-09-10 15:15:30,2.62 s,5.05 s,5.81 s
2026-09-10 15:16:00,2.41 s,4.25 s,5.65 s
2026-09-10 15:16:30,2.30 s,4.15 s,5.63 s
2026-09-10 15:17:00,2.54 s,5.20 s,5.84 s
2026-09-10 15:17:30,2.95 s,5.52 s,5.91 s
2026-09-10 15:18:00,3.04 s,6.15 s,7.63 s
2026-09-10 15:18:30,2.87 s,6.63 s,7.73 s
2026-09-10 15:19:00,2.86 s,4.20 s,7.24 s
2026-09-10 15:19:30,2.76 s,5.17 s,5.83 s
2026-09-10 15:20:00,2.63 s,5.30 s,5.86 s
2026-09-10 15:20:30,2.38 s,4.35 s,5.67 s
2026-09-10 15:21:00,2.23 s,3.88 s,3.98 s
2026-09-10 15:21:30,2.58 s,4.40 s,5.68 s
2026-09-10 15:22:00,2.73 s,5.28 s,5.86 s
2026-09-10 15:22:30,2.47 s,4.50 s,5.70 s
2026-09-10 15:23:00,2.25 s,3.85 s,3.97 s
2026-09-10 15:23:30,2.56 s,4.30 s,5.66 s
2026-09-10 15:24:00,2.84 s,5.38 s,5.88 s
2026-09-10 15:24:30,2.56 s,5.17 s,5.83 s
2026-09-10 15:25:00,2.25 s,3.94 s,5.36 s
2026-09-10 15:25:30,2.59 s,5.23 s,5.85 s
2026-09-10 15:26:00,2.85 s,5.40 s,5.88 s
2026-09-10 15:26:30,2.90 s,5.84 s,7.44 s
2026-09-10 15:27:00,2.53 s,5.67 s,7.34 s
2026-09-10 15:27:30,2.19 s,3.94 s,5.34 s
2026-09-10 15:28:00,2.77 s,5.32 s,5.86 s
2026-09-10 15:28:30,3.01 s,5.34 s,5.87 s
2026-09-10 15:29:00,2.50 s,3.94 s,5.32 s
2026-09-10 15:29:30,2.41 s,5.05 s,5.81 s
2026-09-10 15:30:00,2.70 s,5.43 s,5.89 s
2026-09-10 15:30:30,2.51 s,5.35 s,7.34 s
2026-09-10 15:31:00,2.44 s,6.40 s,7.68 s
2026-09-10 15:31:30,3.00 s,5.80 s,7.40 s
2026-09-10 15:32:00,3.17 s,5.61 s,5.92 s
2026-09-10 15:32:30,2.61 s,5.57 s,5.91 s
2026-09-10 15:33:00,2.22 s,4.65 s,5.73 s
2026-09-10 15:33:30,2.33 s,3.95 s,5.40 s
2026-09-10 15:34:00,2.43 s,3.95 s,5.38 s
2026-09-10 15:34:30,2.77 s,5.25 s,5.85 s
2026-09-10 15:35:00,2.90 s,5.48 s,5.90 s
2026-09-10 15:35:30,2.34 s,4.45 s,5.69 s
2026-09-10 15:36:00,2.30 s,4.40 s,5.68 s
2026-09-10 15:36:30,2.69 s,5.17 s,5.83 s
2026-09-10 15:37:00,3.05 s,6.15 s,7.63 s
2026-09-10 15:37:30,2.99 s,6.35 s,7.67 s
2026-09-10 15:38:00,2.46 s,3.96 s,5.44 s
2026-09-10 15:38:30,2.44 s,4.50 s,5.70 s
2026-09-10 15:39:00,2.44 s,5.28 s,5.86 s
2026-09-10 15:39:30,2.12 s,4.65 s,5.73 s
2026-09-10 15:40:00,2.24 s,3.86 s,3.97 s
2026-09-10 15:40:30,2.63 s,4 s,5.60 s
2026-09-10 15:41:00,2.90 s,5.60 s,5.92 s
2026-09-10 15:52:30,3.96 s,6.90 s,7.78 s
2026-09-10 15:53:00,3.37 s,5.93 s,7.52 s
2026-09-10 15:53:30,2.89 s,5.42 s,5.88 s
2026-09-10 15:54:00,3.10 s,5.40 s,5.88 s
2026-09-10 15:54:30,2.90 s,5.25 s,5.85 s
2026-09-10 15:55:00,2.37 s,4.35 s,5.67 s
2026-09-10 15:55:30,2.61 s,5.15 s,5.83 s
2026-09-10 15:56:00,2.94 s,5.79 s,7.30 s
2026-09-10 15:56:30,2.66 s,5.72 s,7.32 s
2026-09-10 15:57:00,2.81 s,5.54 s,5.91 s
2026-09-10 15:57:30,2.70 s,5.50 s,5.90 s
2026-09-10 15:58:00,2.08 s,3.94 s,5.42 s
2026-09-10 15:58:30,1.91 s,3.92 s,5.32 s
2026-09-10 15:59:00,1.28 s,3.59 s,3.92 s
2026-09-10 15:59:30,849 ms,1.83 s,1.97 s
2026-09-10 16:00:00,849 ms,1.84 s,1.97 s
2026-09-10 16:00:30,809 ms,1.83 s,1.97 s
2026-09-10 16:01:00,884 ms,1.86 s,1.97 s
2026-09-10 16:01:30,918 ms,1.87 s,1.97 s
2026-09-10 16:02:00,843 ms,1.79 s,1.96 s
2026-09-10 16:02:30,872 ms,1.83 s,1.97 s
2026-09-10 16:03:00,875 ms,1.86 s,1.97 s
2026-09-10 16:03:30,793 ms,1.78 s,1.96 s
2026-09-10 16:04:00,857 ms,1.83 s,1.97 s
2026-09-10 16:04:30,876 ms,1.87 s,1.97 s
2026-09-10 16:05:00,910 ms,1.89 s,1.98 s
2026-09-10 16:05:30,911 ms,1.86 s,1.97 s
2026-09-10 16:06:00,904 ms,1.85 s,1.97 s
2026-09-10 16:06:30,845 ms,1.83 s,1.97 s
2026-09-10 16:07:00,779 ms,1.75 s,1.95 s
2026-09-10 16:07:30,771 ms,1.72 s,1.94 s
2026-09-10 16:08:00,811 ms,1.83 s,1.97 s
2026-09-10 16:08:30,829 ms,1.82 s,1.96 s
2026-09-10 16:09:00,813 ms,1.76 s,1.95 s
2026-09-10 16:09:30,859 ms,1.82 s,1.96 s
2026-09-10 16:10:00,891 ms,1.85 s,1.97 s
2026-09-10 16:10:30,903 ms,1.85 s,1.97 s
2026-09-10 16:11:00,879 ms,1.81 s,1.96 s
2026-09-10 16:11:30,856 ms,1.82 s,1.97 s
2026-09-10 16:12:00,876 ms,1.86 s,1.97 s
2026-09-10 16:12:30,873 ms,1.86 s,1.97 s
2026-09-10 16:13:00,911 ms,1.91 s,3.12 s
2026-09-10 16:13:30,876 ms,1.86 s,3.06 s
2026-09-10 16:14:00,775 ms,1.73 s,1.95 s
2026-09-10 16:14:30,828 ms,1.83 s,1.97 s
2026-09-10 16:15:00,879 ms,1.85 s,1.97 s
2026-09-10 16:15:30,857 ms,1.83 s,1.97 s
2026-09-10 16:16:00,874 ms,1.90 s,3.16 s
2026-09-10 16:16:30,860 ms,1.88 s,3.08 s
2026-09-10 16:17:00,812 ms,1.79 s,1.96 s
2026-09-10 16:17:30,877 ms,1.89 s,2.98 s
2026-09-10 16:18:00,869 ms,1.90 s,3.06 s
2026-09-10 16:18:30,802 ms,1.82 s,1.96 s
2026-09-10 16:19:00,798 ms,1.83 s,1.97 s
2026-09-10 16:19:30,773 ms,1.78 s,1.96 s
2026-09-10 16:20:00,759 ms,1.75 s,1.95 s
2026-09-10 16:20:30,778 ms,1.78 s,1.96 s
2026-09-10 16:21:00,849 ms,1.81 s,1.96 s
2026-09-10 16:21:30,825 ms,1.80 s,1.96 s
2026-09-10 16:22:00,808 ms,1.80 s,1.96 s
2026-09-10 16:22:30,908 ms,1.89 s,2.88 s
2026-09-10 16:23:00,878 ms,1.89 s,3.06 s
2026-09-10 16:23:30,710 ms,1.56 s,1.91 s
2026-09-10 16:24:00,753 ms,1.61 s,1.92 s
2026-09-10 16:24:30,748 ms,1.63 s,1.93 s
2026-09-10 16:25:00,676 ms,1.45 s,1.89 s
2026-09-10 16:25:30,749 ms,1.76 s,1.95 s
2026-09-10 16:26:00,827 ms,1.82 s,1.96 s
2026-09-10 16:26:30,861 ms,1.82 s,1.96 s
2026-09-10 16:27:00,898 ms,1.90 s,2.94 s
2026-09-10 16:27:30,850 ms,1.87 s,2.78 s
2026-09-10 16:28:00,771 ms,1.79 s,1.96 s
2026-09-10 16:28:30,808 ms,1.82 s,1.97 s
2026-09-10 16:29:00,794 ms,1.79 s,1.96 s
2026-09-10 16:29:30,716 ms,1.76 s,1.95 s
2026-09-10 16:30:00,768 ms,1.80 s,1.96 s
2026-09-10 16:30:30,797 ms,1.82 s,1.96 s
2026-09-10 16:31:00,777 ms,1.80 s,1.96 s
2026-09-10 16:31:30,803 ms,1.80 s,1.96 s
2026-09-10 16:32:00,798 ms,1.79 s,1.96 s
2026-09-10 16:32:30,779 ms,1.69 s,1.94 s
2026-09-10 16:33:00,772 ms,1.75 s,1.95 s
2026-09-10 16:33:30,775 ms,1.78 s,1.96 s
2026-09-10 16:34:00,758 ms,1.70 s,1.94 s
2026-09-10 16:34:30,723 ms,1.65 s,1.93 s
2026-09-10 16:35:00,743 ms,1.72 s,1.95 s
2026-09-10 16:35:30,679 ms,1.65 s,1.93 s
2026-09-10 16:36:00,626 ms,993 ms,1.77 s
2026-09-10 16:36:30,703 ms,1.66 s,1.93 s
2026-09-10 16:37:00,811 ms,1.82 s,1.96 s
2026-09-10 16:37:30,879 ms,1.84 s,1.97 s
2026-09-10 16:38:00,845 ms,1.84 s,1.97 s
2026-09-10 16:38:30,754 ms,1.72 s,1.94 s
2026-09-10 16:39:00,757 ms,1.74 s,1.95 s
2026-09-10 16:39:30,784 ms,1.81 s,1.96 s
2026-09-10 16:40:00,755 ms,1.77 s,1.95 s
2026-09-10 16:40:30,712 ms,1.62 s,1.92 s
2026-09-10 16:41:00,747 ms,1.70 s,1.94 s
2026-09-10 16:41:30,782 ms,1.78 s,1.96 s
2026-09-10 16:42:00,750 ms,1.67 s,1.93 s
2026-09-10 16:42:30,793 ms,1.77 s,1.95 s
2026-09-10 16:43:00,825 ms,1.85 s,1.97 s
2026-09-10 16:43:30,837 ms,1.82 s,1.96 s
2026-09-10 16:44:00,785 ms,1.77 s,1.95 s
2026-09-10 16:44:30,707 ms,1.75 s,1.95 s
2026-09-10 16:45:00,682 ms,1.62 s,1.92 s
2026-09-10 16:45:30,683 ms,1 s,1.80 s
2026-09-10 16:46:00,765 ms,1.67 s,1.93 s
2026-09-10 16:46:30,730 ms,1.65 s,1.93 s
2026-09-10 16:47:00,664 ms,1.20 s,1.84 s
2026-09-10 16:47:30,738 ms,1.74 s,1.95 s
2026-09-10 16:48:00,802 ms,1.80 s,1.96 s
2026-09-10 16:48:30,783 ms,1.77 s,1.95 s
2026-09-10 16:49:00,743 ms,1.77 s,1.95 s
2026-09-10 16:49:30,650 ms,1.53 s,1.91 s
2026-09-10 16:50:00,683 ms,1.61 s,1.92 s
2026-09-10 16:50:30,737 ms,1.70 s,1.94 s
2026-09-10 16:51:00,714 ms,1.66 s,1.93 s
2026-09-10 16:51:30,742 ms,1.76 s,1.95 s
2026-09-10 16:52:00,717 ms,1.74 s,1.95 s
2026-09-10 16:52:30,710 ms,1.75 s,1.95 s
2026-09-10 16:53:00,784 ms,1.83 s,1.97 s
2026-09-10 16:53:30,786 ms,1.80 s,1.96 s
2026-09-10 16:54:00,787 ms,1.75 s,1.95 s
2026-09-10 16:54:30,873 ms,1.89 s,2.92 s
2026-09-10 16:55:00,865 ms,1.90 s,3.02 s
2026-09-10 16:55:30,797 ms,1.81 s,1.96 s
2026-09-10 16:56:00,788 ms,1.81 s,1.96 s
2026-09-10 16:56:30,726 ms,1.66 s,1.93 s
2026-09-10 16:57:00,706 ms,1.66 s,1.93 s
2026-09-10 16:57:30,775 ms,1.78 s,1.96 s
2026-09-10 16:58:00,808 ms,1.81 s,1.96 s
2026-09-10 16:58:30,880 ms,1.85 s,1.97 s
2026-09-10 16:59:00,917 ms,1.87 s,1.97 s
2026-09-10 16:59:30,866 ms,1.86 s,1.97 s
2026-09-10 17:00:00,806 ms,1.82 s,1.96 s
2026-09-10 17:00:30,728 ms,1.75 s,1.95 s
2026-09-10 17:01:00,747 ms,1.75 s,1.95 s
2026-09-10 17:01:30,778 ms,1.74 s,1.95 s
2026-09-10 17:02:00,757 ms,1.64 s,1.93 s
2026-09-10 17:02:30,732 ms,1.62 s,1.92 s
2026-09-10 17:03:00,752 ms,1.53 s,1.91 s
2026-09-10 17:03:30,784 ms,1.68 s,1.94 s
2026-09-10 17:04:00,771 ms,1.71 s,1.94 s
2026-09-10 17:04:30,816 ms,1.79 s,1.96 s
2026-09-10 17:05:00,841 ms,1.83 s,1.97 s
2026-09-10 17:05:30,785 ms,1.81 s,1.96 s
2026-09-10 17:06:00,783 ms,1.75 s,1.95 s
2026-09-10 17:06:30,752 ms,1.64 s,1.93 s
2026-09-10 17:07:00,712 ms,1.75 s,1.95 s
2026-09-10 17:07:30,705 ms,1.71 s,1.94 s
2026-09-10 17:08:00,673 ms,1.61 s,1.92 s
2026-09-10 17:08:30,702 ms,1.68 s,1.94 s
2026-09-10 17:09:00,795 ms,1.76 s,1.95 s
2026-09-10 17:09:30,803 ms,1.76 s,1.95 s
2026-09-10 17:10:00,783 ms,1.78 s,1.96 s
2026-09-10 17:10:30,803 ms,1.82 s,1.96 s
2026-09-10 17:11:00,766 ms,1.77 s,1.95 s
2026-09-10 17:11:30,720 ms,1.46 s,1.89 s
2026-09-10 17:12:00,761 ms,1.64 s,1.93 s
2026-09-10 17:12:30,757 ms,1.73 s,1.95 s
2026-09-10 17:13:00,731 ms,1.65 s,1.93 s
2026-09-10 17:13:30,688 ms,1.25 s,1.85 s
2026-09-10 17:14:00,792 ms,1.72 s,1.94 s
2026-09-10 17:14:30,872 ms,1.83 s,1.97 s
2026-09-10 17:15:00,818 ms,1.80 s,1.96 s
2026-09-10 17:15:30,767 ms,1.74 s,1.95 s
2026-09-10 17:16:00,761 ms,1.74 s,1.95 s
2026-09-10 17:16:30,821 ms,1.83 s,1.97 s
2026-09-10 17:17:00,850 ms,1.84 s,1.97 s
2026-09-10 17:17:30,791 ms,1.77 s,1.95 s
2026-09-10 17:18:00,742 ms,1.69 s,1.94 s
2026-09-10 17:18:30,816 ms,1.82 s,1.96 s
2026-09-10 17:19:00,945 ms,1.88 s,1.98 s
2026-09-10 17:19:30,954 ms,1.87 s,1.97 s
2026-09-10 17:20:00,867 ms,1.90 s,3.06 s
2026-09-10 17:20:30,916 ms,1.91 s,2.92 s
2026-09-10 17:21:00,884 ms,1.85 s,1.97 s
2026-09-10 17:21:30,797 ms,1.78 s,1.96 s
2026-09-10 17:22:00,793 ms,1.79 s,1.96 s
2026-09-10 17:22:30,775 ms,1.75 s,1.95 s
2026-09-10 17:23:00,781 ms,1.75 s,1.95 s
2026-09-10 17:23:30,825 ms,1.77 s,1.95 s
2026-09-10 17:24:00,852 ms,1.79 s,1.96 s
2026-09-10 17:24:30,764 ms,1.69 s,1.94 s
2026-09-10 17:25:00,821 ms,1.81 s,1.96 s
2026-09-10 17:25:30,882 ms,1.86 s,1.97 s
2026-09-10 17:26:00,887 ms,1.87 s,1.97 s
2026-09-10 17:26:30,916 ms,1.88 s,1.98 s
2026-09-10 17:27:00,875 ms,1.86 s,1.97 s
2026-09-10 17:27:30,799 ms,1.81 s,1.96 s
2026-09-10 17:28:00,774 ms,1.74 s,1.95 s
2026-09-10 17:28:30,792 ms,1.76 s,1.95 s
2026-09-10 17:29:00,772 ms,1.80 s,1.96 s
2026-09-10 17:29:30,786 ms,1.80 s,1.96 s
2026-09-10 17:30:00,829 ms,1.79 s,1.96 s
2026-09-10 17:30:30,898 ms,1.90 s,2.90 s
2026-09-10 17:31:00,885 ms,1.89 s,2.92 s
2026-09-10 17:31:30,800 ms,1.61 s,1.92 s
2026-09-10 17:32:00,839 ms,1.80 s,1.96 s
2026-09-10 17:32:30,835 ms,1.83 s,1.97 s
2026-09-10 17:33:00,772 ms,1.75 s,1.95 s
2026-09-10 17:33:30,768 ms,1.68 s,1.94 s
2026-09-10 17:34:00,801 ms,1.79 s,1.96 s
2026-09-10 17:34:30,860 ms,1.84 s,1.97 s
2026-09-10 17:35:00,872 ms,1.82 s,1.96 s
2026-09-10 17:35:30,815 ms,1.79 s,1.96 s
2026-09-10 17:36:00,743 ms,1.64 s,1.93 s
2026-09-10 17:36:30,708 ms,1.58 s,1.92 s
2026-09-10 17:37:00,742 ms,1.75 s,1.95 s
2026-09-10 17:37:30,871 ms,1.85 s,1.97 s
2026-09-10 17:38:00,892 ms,1.84 s,1.97 s
2026-09-10 17:38:30,827 ms,1.79 s,1.96 s
2026-09-10 17:39:00,866 ms,1.89 s,3.04 s
2026-09-10 17:39:30,876 ms,1.90 s,3.08 s
2026-09-10 17:40:00,819 ms,1.81 s,1.96 s
2026-09-10 17:40:30,857 ms,1.84 s,1.97 s
2026-09-10 17:41:00,881 ms,1.90 s,2.98 s
2026-09-10 17:41:30,905 ms,1.88 s,2.90 s
2026-09-10 17:42:00,865 ms,1.80 s,1.96 s
2026-09-10 17:42:30,790 ms,1.75 s,1.95 s
2026-09-10 17:43:00,770 ms,1.78 s,1.96 s
2026-09-10 17:43:30,744 ms,1.74 s,1.95 s
2026-09-10 17:44:00,831 ms,1.78 s,1.96 s
2026-09-10 17:44:30,862 ms,1.81 s,1.96 s
2026-09-10 17:45:00,815 ms,1.76 s,1.95 s
2026-09-10 17:45:30,829 ms,1.77 s,1.95 s
2026-09-10 17:46:00,788 ms,1.77 s,1.95 s
2026-09-10 17:46:30,771 ms,1.74 s,1.95 s
2026-09-10 17:47:00,794 ms,1.80 s,1.96 s
2026-09-10 17:47:30,863 ms,1.91 s,3.04 s
2026-09-10 17:48:00,858 ms,1.90 s,3.14 s
2026-09-10 17:48:30,756 ms,1.78 s,1.96 s
2026-09-10 17:49:00,763 ms,1.83 s,1.97 s
2026-09-10 17:49:30,755 ms,1.78 s,1.96 s
2026-09-10 17:50:00,764 ms,1.74 s,1.95 s
2026-09-10 17:50:30,758 ms,1.72 s,1.94 s
2026-09-10 17:51:00,828 ms,1.82 s,1.96 s
2026-09-10 17:51:30,877 ms,1.83 s,1.97 s
2026-09-10 17:52:00,810 ms,1.75 s,1.95 s
2026-09-10 17:52:30,816 ms,1.84 s,1.97 s
2026-09-10 17:53:00,905 ms,1.87 s,1.97 s
2026-09-10 17:53:30,857 ms,1.80 s,1.96 s
2026-09-10 17:54:00,767 ms,1.74 s,1.95 s
2026-09-10 17:54:30,816 ms,1.79 s,1.96 s
2026-09-10 17:55:00,830 ms,1.79 s,1.96 s
2026-09-10 17:55:30,873 ms,1.82 s,1.96 s
2026-09-10 17:56:00,844 ms,1.81 s,1.96 s
2026-09-10 17:56:30,851 ms,1.80 s,1.96 s
2026-09-10 17:57:00,895 ms,1.83 s,1.97 s
2026-09-10 17:57:30,902 ms,1.91 s,2.94 s
2026-09-10 17:58:00,940 ms,1.92 s,3.02 s
2026-09-10 17:58:30,886 ms,1.87 s,1.97 s
2026-09-10 17:59:00,808 ms,1.80 s,1.96 s
2026-09-10 17:59:30,827 ms,1.81 s,1.96 s
2026-09-10 18:00:00,848 ms,1.83 s,1.97 s
2026-09-10 18:00:30,877 ms,1.84 s,1.97 s
2026-09-10 18:01:00,840 ms,1.80 s,1.96 s
2026-09-10 18:01:30,812 ms,1.78 s,1.96 s
2026-09-10 18:02:00,847 ms,1.82 s,1.96 s
2026-09-10 18:02:30,804 ms,1.80 s,1.96 s
2026-09-10 18:03:00,811 ms,1.87 s,2.98 s
2026-09-10 18:03:30,792 ms,1.83 s,3.00 s
2026-09-10 18:04:00,728 ms,1.44 s,1.89 s
2026-09-10 18:04:30,836 ms,1.81 s,3.06 s
2026-09-10 18:05:00,875 ms,1.89 s,3.02 s
2026-09-10 18:05:30,807 ms,1.82 s,1.96 s
2026-09-10 18:06:00,878 ms,1.86 s,1.97 s
2026-09-10 18:06:30,935 ms,1.88 s,1.98 s
2026-09-10 18:07:00,888 ms,1.88 s,1.98 s
2026-09-10 18:07:30,879 ms,1.87 s,1.97 s
2026-09-10 18:08:00,859 ms,1.84 s,1.97 s
2026-09-10 18:08:30,838 ms,1.83 s,1.97 s
2026-09-10 18:09:00,822 ms,1.81 s,1.96 s
2026-09-10 18:09:30,817 ms,1.84 s,3.04 s
2026-09-10 18:10:00,859 ms,1.90 s,3.10 s
2026-09-10 18:10:30,899 ms,1.86 s,1.97 s
2026-09-10 18:11:00,864 ms,1.84 s,1.97 s
2026-09-10 18:11:30,875 ms,1.85 s,1.97 s
2026-09-10 18:12:00,901 ms,1.86 s,1.97 s
2026-09-10 18:12:30,791 ms,1.73 s,1.95 s
2026-09-10 18:13:00,759 ms,1.66 s,1.93 s
2026-09-10 18:13:30,832 ms,1.82 s,1.96 s
2026-09-10 18:14:00,857 ms,1.83 s,1.97 s
2026-09-10 18:14:30,840 ms,1.77 s,1.95 s
2026-09-10 18:15:00,804 ms,1.79 s,1.96 s
2026-09-10 18:15:30,807 ms,1.82 s,1.96 s
2026-09-10 18:16:00,849 ms,1.80 s,1.96 s
2026-09-10 18:16:30,857 ms,1.83 s,1.97 s
2026-09-10 18:17:00,890 ms,1.87 s,1.97 s
2026-09-10 18:17:30,890 ms,1.86 s,1.97 s
2026-09-10 18:18:00,813 ms,1.80 s,1.96 s
2026-09-10 18:18:30,797 ms,1.79 s,1.96 s
2026-09-10 18:19:00,836 ms,1.82 s,1.97 s
2026-09-10 18:19:30,815 ms,1.82 s,1.96 s
2026-09-10 18:20:00,697 ms,1.58 s,1.92 s
2026-09-10 18:20:30,670 ms,1.25 s,1.85 s
2026-09-10 18:21:00,711 ms,1.71 s,1.94 s
2026-09-10 18:21:30,844 ms,1.84 s,1.97 s
2026-09-10 18:22:00,910 ms,1.84 s,1.97 s
2026-09-10 18:22:30,847 ms,1.81 s,1.96 s
2026-09-10 18:23:00,788 ms,1.77 s,1.95 s
2026-09-10 18:23:30,820 ms,1.79 s,1.96 s
2026-09-10 18:24:00,867 ms,1.84 s,1.97 s
2026-09-10 18:24:30,781 ms,1.73 s,1.95 s
2026-09-10 18:25:00,734 ms,1.57 s,1.91 s
2026-09-10 18:25:30,790 ms,1.72 s,1.94 s
2026-09-10 18:26:00,766 ms,1.72 s,1.95 s
2026-09-10 18:26:30,820 ms,1.81 s,1.96 s
2026-09-10 18:27:00,860 ms,1.85 s,1.97 s
2026-09-10 18:27:30,870 ms,1.91 s,3.08 s
2026-09-10 18:28:00,907 ms,1.90 s,2.96 s
2026-09-10 18:28:30,878 ms,1.82 s,1.96 s
2026-09-10 18:29:00,886 ms,1.83 s,1.97 s
2026-09-10 18:29:30,885 ms,1.84 s,1.97 s
2026-09-10 18:30:00,869 ms,1.82 s,1.96 s
2026-09-10 18:30:30,774 ms,1.75 s,1.95 s
2026-09-10 18:31:00,788 ms,1.84 s,3.16 s
2026-09-10 18:31:30,864 ms,1.90 s,3.14 s
2026-09-10 18:32:00,870 ms,1.87 s,1.97 s
2026-09-10 18:32:30,829 ms,1.83 s,1.97 s
2026-09-10 18:33:00,769 ms,1.74 s,1.95 s
2026-09-10 18:33:30,840 ms,1.90 s,3.06 s
2026-09-10 18:34:00,885 ms,1.91 s,3.02 s
2026-09-10 18:34:30,836 ms,1.82 s,1.96 s
2026-09-10 18:35:00,747 ms,1.68 s,1.94 s
2026-09-10 18:35:30,691 ms,1.63 s,1.93 s
2026-09-10 18:36:00,781 ms,1.78 s,1.96 s
2026-09-10 18:36:30,858 ms,1.80 s,1.96 s
2026-09-10 18:37:00,830 ms,1.79 s,1.96 s
2026-09-10 18:37:30,845 ms,1.82 s,1.96 s
2026-09-10 18:38:00,862 ms,1.81 s,1.96 s
2026-09-10 18:38:30,907 ms,1.84 s,1.97 s
2026-09-10 18:39:00,943 ms,1.87 s,1.97 s
2026-09-10 18:39:30,890 ms,1.86 s,1.97 s
2026-09-10 18:40:00,844 ms,1.84 s,1.97 s
2026-09-10 18:40:30,874 ms,1.83 s,1.97 s
2026-09-10 18:41:00,841 ms,1.81 s,1.96 s
2026-09-10 18:41:30,831 ms,1.85 s,1.97 s
2026-09-10 18:42:00,845 ms,1.83 s,1.97 s
2026-09-10 18:42:30,654 ms,1.68 s,1.93 s
2026-09-10 18:43:00,776 ms,1.80 s,1.96 s
2026-09-10 18:43:30,909 ms,1.85 s,1.97 s
2026-09-10 18:44:00,879 ms,1.83 s,1.97 s
2026-09-10 18:44:30,784 ms,1.78 s,1.96 s
2026-09-10 18:45:00,795 ms,1.82 s,1.97 s
2026-09-10 18:45:30,792 ms,1.83 s,1.97 s
2026-09-10 18:46:00,779 ms,1.80 s,1.96 s
2026-09-10 18:46:30,851 ms,1.83 s,1.97 s
2026-09-10 18:47:00,840 ms,1.81 s,1.96 s
2026-09-10 18:47:30,839 ms,1.82 s,1.96 s
2026-09-10 18:48:00,822 ms,1.78 s,1.96 s
2026-09-10 18:48:30,831 ms,1.80 s,1.96 s
2026-09-10 18:49:00,888 ms,1.86 s,1.97 s
2026-09-10 18:49:30,873 ms,1.86 s,1.97 s
2026-09-10 18:50:00,894 ms,1.85 s,1.97 s
2026-09-10 18:50:30,848 ms,1.78 s,1.96 s
2026-09-10 18:51:00,808 ms,1.83 s,1.97 s
2026-09-10 18:51:30,771 ms,1.83 s,1.97 s
2026-09-10 18:52:00,702 ms,1.70 s,1.94 s
2026-09-10 18:52:30,740 ms,1.74 s,1.95 s
2026-09-10 18:53:00,719 ms,1.64 s,1.93 s
2026-09-10 18:53:30,710 ms,1.54 s,1.91 s
2026-09-10 18:54:00,803 ms,1.78 s,1.96 s
2026-09-10 18:54:30,834 ms,1.84 s,1.97 s
2026-09-10 18:55:00,810 ms,1.83 s,1.97 s
2026-09-10 18:55:30,826 ms,1.82 s,1.96 s
2026-09-10 18:56:00,797 ms,1.80 s,1.96 s
2026-09-10 18:56:30,807 ms,1.77 s,1.95 s
2026-09-10 18:57:00,816 ms,1.73 s,1.95 s
2026-09-10 18:57:30,841 ms,1.84 s,3.04 s
2026-09-10 18:58:00,882 ms,1.88 s,3.12 s
2026-09-10 18:58:30,825 ms,1.77 s,1.95 s
2026-09-10 18:59:00,798 ms,1.73 s,1.95 s
2026-09-10 18:59:30,900 ms,1.85 s,1.97 s
2026-09-10 19:00:00,904 ms,1.86 s,1.97 s
2026-09-10 19:00:30,820 ms,1.80 s,1.96 s
2026-09-10 19:01:00,871 ms,1.85 s,1.97 s
2026-09-10 19:01:30,867 ms,1.83 s,1.97 s
2026-09-10 19:02:00,807 ms,1.83 s,1.97 s
2026-09-10 19:02:30,783 ms,1.84 s,1.97 s
2026-09-10 19:03:00,767 ms,1.76 s,1.95 s
2026-09-10 19:03:30,751 ms,1.69 s,1.94 s
2026-09-10 19:04:00,780 ms,1.81 s,1.96 s
2026-09-10 19:04:30,855 ms,1.86 s,1.97 s
2026-09-10 19:05:00,805 ms,1.81 s,1.96 s
2026-09-10 19:05:30,818 ms,1.81 s,1.96 s
2026-09-10 19:06:00,870 ms,1.86 s,1.97 s
2026-09-10 19:06:30,810 ms,1.82 s,1.96 s
2026-09-10 19:07:00,776 ms,1.74 s,1.95 s
2026-09-10 19:07:30,741 ms,1.58 s,1.92 s
2026-09-10 19:08:00,749 ms,1.69 s,1.94 s
2026-09-10 19:08:30,767 ms,1.66 s,1.93 s
2026-09-10 19:09:00,822 ms,1.80 s,1.96 s
2026-09-10 19:09:30,855 ms,1.85 s,1.97 s
2026-09-10 19:10:00,913 ms,1.86 s,1.97 s
2026-09-10 19:10:30,939 ms,1.86 s,1.97 s
2026-09-10 19:11:00,898 ms,1.84 s,1.97 s
2026-09-10 19:11:30,882 ms,1.86 s,1.97 s
2026-09-10 19:12:00,836 ms,1.83 s,1.97 s
2026-09-10 19:12:30,844 ms,1.84 s,1.97 s
2026-09-10 19:13:00,808 ms,1.81 s,1.96 s
2026-09-10 19:13:30,780 ms,1.78 s,1.96 s
2026-09-10 19:14:00,835 ms,1.83 s,1.97 s
2026-09-10 19:14:30,846 ms,1.82 s,1.97 s
2026-09-10 19:15:00,837 ms,1.78 s,1.96 s
2026-09-10 19:15:30,827 ms,1.79 s,1.96 s
2026-09-10 19:16:00,786 ms,1.77 s,1.95 s
2026-09-10 19:16:30,790 ms,1.78 s,1.96 s
2026-09-10 19:17:00,837 ms,1.83 s,1.97 s
2026-09-10 19:17:30,859 ms,1.84 s,1.97 s
2026-09-10 19:18:00,794 ms,1.72 s,1.95 s
2026-09-10 19:18:30,791 ms,1.69 s,1.94 s
2026-09-10 19:19:00,789 ms,1.76 s,1.95 s
2026-09-10 19:19:30,747 ms,1.66 s,1.93 s
2026-09-10 19:20:00,810 ms,1.80 s,1.96 s
2026-09-10 19:20:30,821 ms,1.80 s,1.96 s
2026-09-10 19:21:00,799 ms,1.74 s,1.95 s
2026-09-10 19:21:30,808 ms,1.79 s,1.96 s
2026-09-10 19:22:00,825 ms,1.81 s,1.96 s
2026-09-10 19:22:30,871 ms,1.86 s,1.97 s
2026-09-10 19:23:00,831 ms,1.85 s,1.97 s
2026-09-10 19:23:30,755 ms,1.77 s,1.95 s
2026-09-10 19:24:00,782 ms,1.76 s,1.95 s
2026-09-10 19:24:30,789 ms,1.79 s,1.96 s
2026-09-10 19:25:00,849 ms,1.84 s,1.97 s
2026-09-10 19:25:30,906 ms,1.85 s,1.97 s
2026-09-10 19:26:00,912 ms,1.85 s,1.97 s
2026-09-10 19:26:30,890 ms,1.85 s,1.97 s
2026-09-10 19:27:00,819 ms,1.81 s,1.96 s
2026-09-10 19:27:30,820 ms,1.81 s,1.96 s
2026-09-10 19:28:00,805 ms,1.77 s,1.95 s
2026-09-10 19:28:30,759 ms,1.74 s,1.95 s
2026-09-10 19:29:00,765 ms,1.75 s,1.95 s
2026-09-10 19:29:30,765 ms,1.69 s,1.94 s
2026-09-10 19:30:00,798 ms,1.76 s,1.95 s
2026-09-10 19:30:30,899 ms,1.84 s,1.97 s
2026-09-10 19:31:00,882 ms,1.83 s,1.97 s
2026-09-10 19:31:30,878 ms,1.84 s,1.97 s
2026-09-10 19:32:00,928 ms,1.86 s,1.97 s
2026-09-10 19:32:30,862 ms,1.83 s,1.97 s
2026-09-10 19:33:00,741 ms,1.71 s,1.94 s
2026-09-10 19:33:30,634 ms,1.12 s,1.82 s
2026-09-10 19:34:00,629 ms,995 ms,1.79 s
2026-09-10 19:34:30,747 ms,1.74 s,3.08 s
2026-09-10 19:35:00,807 ms,1.84 s,3.14 s
2026-09-10 19:35:30,785 ms,1.71 s,1.94 s
2026-09-10 19:36:00,925 ms,1.86 s,1.97 s
2026-09-10 19:36:30,960 ms,1.92 s,2.84 s
2026-09-10 19:37:00,875 ms,1.90 s,2.94 s
2026-09-10 19:37:30,859 ms,1.84 s,1.97 s
2026-09-10 19:38:00,892 ms,1.86 s,1.97 s
2026-09-10 19:38:30,873 ms,1.85 s,1.97 s
2026-09-10 19:39:00,839 ms,1.81 s,1.96 s
2026-09-10 19:39:30,870 ms,1.82 s,1.96 s
2026-09-10 19:40:00,892 ms,1.85 s,1.97 s
2026-09-10 19:40:30,865 ms,1.87 s,1.97 s
2026-09-10 19:41:00,798 ms,1.79 s,1.96 s
2026-09-10 19:41:30,845 ms,1.81 s,1.96 s
2026-09-10 19:42:00,929 ms,1.87 s,1.97 s
2026-09-10 19:42:30,862 ms,1.81 s,1.96 s
2026-09-10 19:43:00,821 ms,1.80 s,1.96 s
2026-09-10 19:43:30,835 ms,1.82 s,1.96 s
2026-09-10 19:44:00,796 ms,1.75 s,1.95 s
2026-09-10 19:44:30,720 ms,1.51 s,1.90 s
2026-09-10 19:45:00,683 ms,1.30 s,1.86 s
2026-09-10 19:45:30,702 ms,1.47 s,1.90 s
2026-09-10 19:46:00,777 ms,1.72 s,1.94 s
2026-09-10 19:46:30,817 ms,1.80 s,1.96 s
2026-09-10 19:47:00,857 ms,1.83 s,1.97 s
2026-09-10 19:47:30,887 ms,1.87 s,1.97 s
2026-09-10 19:48:00,833 ms,1.84 s,1.97 s
2026-09-10 19:48:30,780 ms,1.76 s,1.95 s
2026-09-10 19:49:00,723 ms,1.62 s,1.92 s
2026-09-10 19:49:30,705 ms,1.62 s,1.92 s
2026-09-10 19:50:00,752 ms,1.71 s,1.94 s
2026-09-10 19:50:30,799 ms,1.78 s,1.96 s
2026-09-10 19:51:00,933 ms,1.91 s,3.18 s
2026-09-10 19:51:30,902 ms,1.88 s,3.08 s
2026-09-10 19:52:00,803 ms,1.77 s,1.95 s
2026-09-10 19:52:30,812 ms,1.72 s,1.94 s
2026-09-10 19:53:00,807 ms,1.72 s,1.94 s
2026-09-10 19:53:30,831 ms,1.82 s,1.96 s
2026-09-10 19:54:00,815 ms,1.80 s,1.96 s
2026-09-10 19:54:30,789 ms,1.76 s,1.95 s
2026-09-10 19:55:00,843 ms,1.82 s,1.96 s
2026-09-10 19:55:30,846 ms,1.80 s,1.96 s
2026-09-10 19:56:00,785 ms,1.75 s,1.95 s
2026-09-10 19:56:30,796 ms,1.80 s,1.96 s
2026-09-10 19:57:00,862 ms,1.84 s,1.97 s
2026-09-10 19:57:30,839 ms,1.81 s,1.96 s
2026-09-10 19:58:00,793 ms,1.74 s,1.95 s
2026-09-10 19:58:30,800 ms,1.75 s,1.95 s
2026-09-10 19:59:00,819 ms,1.82 s,1.96 s
2026-09-10 19:59:30,823 ms,1.83 s,1.97 s
2026-09-10 20:00:00,776 ms,1.71 s,1.94 s
2026-09-10 20:00:30,765 ms,1.69 s,1.94 s
2026-09-10 20:01:00,759 ms,1.76 s,1.95 s
2026-09-10 20:01:30,782 ms,1.80 s,1.96 s
2026-09-10 20:02:00,1.54 s,8.67 s,9.73 s
2026-09-10 20:02:30,1.60 s,8.43 s,9.69 s
2026-09-10 20:03:00,1.02 s,3.06 s,3.81 s
2026-09-10 20:03:30,817 ms,1.92 s,3.49 s
2026-09-10 20:04:00,817 ms,1.77 s,1.95 s
2026-09-10 20:04:30,832 ms,1.82 s,1.96 s
2026-09-10 20:05:00,784 ms,1.82 s,1.96 s
2026-09-10 20:05:30,760 ms,1.77 s,1.95 s
2026-09-10 20:06:00,771 ms,1.72 s,1.94 s
2026-09-10 20:06:30,775 ms,1.69 s,1.94 s
2026-09-10 20:07:00,754 ms,1.76 s,1.95 s
2026-09-10 20:07:30,752 ms,1.74 s,1.95 s
2026-09-10 20:08:00,775 ms,1.78 s,1.96 s
2026-09-10 20:08:30,787 ms,1.82 s,1.96 s
2026-09-10 20:09:00,735 ms,1.78 s,1.96 s
2026-09-10 20:09:30,768 ms,1.74 s,1.95 s
2026-09-10 20:10:00,710 ms,1.61 s,1.92 s
2026-09-10 20:10:30,637 ms,1.28 s,1.86 s
2026-09-10 20:11:00,735 ms,1.65 s,1.93 s
2026-09-10 20:11:30,765 ms,1.71 s,1.94 s
2026-09-10 20:12:00,1.49 s,6.82 s,7.76 s
2026-09-10 20:12:30,2.14 s,7.48 s,9.08 s
2026-09-10 20:13:00,2.33 s,7.90 s,15.7 s
2026-09-10 20:13:30,2.36 s,7.10 s,15.3 s
2026-09-10 20:14:00,2.06 s,6.33 s,7.67 s
2026-09-10 20:14:30,1.93 s,6.50 s,7.70 s
2026-09-10 20:15:00,2.17 s,6.50 s,7.70 s
2026-09-10 20:15:30,2.35 s,7.10 s,7.82 s
2026-09-10 20:16:00,2.21 s,7.27 s,15.8 s
2026-09-10 20:16:30,2.07 s,6.30 s,16.3 s
2026-09-10 20:17:00,1.99 s,6.73 s,7.75 s
2026-09-10 20:17:30,2.16 s,7.47 s,9.28 s
2026-09-10 20:18:00,2.28 s,7.15 s,9.26 s
2026-09-10 20:18:30,1.97 s,5.60 s,7.04 s
2026-09-10 20:19:00,1.72 s,5.38 s,6.98 s
2026-09-10 20:19:30,1.80 s,5.97 s,7.59 s
2026-09-10 20:20:00,1.74 s,5.55 s,7.24 s
2026-09-10 20:20:30,2.06 s,6.85 s,9.14 s
2026-09-10 20:21:00,2.01 s,7.00 s,9.20 s
2026-09-10 20:21:30,1.82 s,5.56 s,9.16 s
2026-09-10 20:22:00,2.13 s,6.60 s,9.04 s
2026-09-10 20:22:30,1.91 s,6.40 s,7.68 s
2026-09-10 20:23:00,1.81 s,5.87 s,7.52 s
2026-09-10 20:23:30,1.78 s,5.86 s,7.53 s
2026-09-10 20:24:00,2.08 s,6.60 s,7.72 s
2026-09-10 20:24:30,2.03 s,6.10 s,7.62 s
2026-09-10 20:25:00,2.05 s,7.06 s,7.81 s
2026-09-10 20:25:30,2.34 s,7.36 s,7.87 s
2026-09-10 20:26:00,1.84 s,6.50 s,7.70 s
2026-09-10 20:26:30,1.52 s,5.20 s,9.28 s
2026-09-10 20:27:00,2.29 s,7.55 s,9.24 s
2026-09-10 20:27:30,2.48 s,7.46 s,9.06 s
2026-09-10 20:28:00,2.24 s,6.80 s,9.12 s
2026-09-10 20:28:30,1.81 s,5.82 s,7.53 s
2026-09-10 20:29:00,1.38 s,4.25 s,6.90 s
2026-09-10 20:29:30,1.40 s,5.45 s,7.49 s
2026-09-10 20:30:00,1.65 s,7.02 s,7.80 s
2026-09-10 20:30:30,1.71 s,7.20 s,15.6 s
2026-09-10 20:31:00,2.13 s,8.55 s,15.1 s
2026-09-10 20:31:30,2.39 s,9.00 s,16.0 s
2026-09-10 20:32:00,1.91 s,5.69 s,15.8 s
2026-09-10 20:32:30,1.53 s,5.12 s,5.82 s
2026-09-10 20:33:00,1.36 s,4.70 s,7.08 s
2026-09-10 20:33:30,1.74 s,5.58 s,7.10 s
2026-09-10 20:34:00,1.79 s,6 s,16.0 s
2026-09-10 20:34:30,2.06 s,7.90 s,17.9 s
2026-09-10 20:35:00,2.15 s,5.91 s,15.4 s
2026-09-10 20:35:30,1.64 s,5.83 s,9.10 s
2026-09-10 20:36:00,1.35 s,3.88 s,9.08 s
2026-09-10 20:36:30,1.32 s,3.78 s,5.47 s
2026-09-10 20:37:00,1.33 s,4.55 s,7.02 s
2026-09-10 20:37:30,1.28 s,5.00 s,7.20 s
2026-09-10 20:38:00,1.61 s,6.10 s,7.62 s
2026-09-10 20:38:30,1.80 s,6.05 s,7.61 s
2026-09-10 20:39:00,1.55 s,5.37 s,7.22 s
2026-09-10 20:39:30,1.24 s,3.97 s,7.18 s
2026-09-10 20:40:00,1.75 s,5.98 s,7.59 s
2026-09-10 20:40:30,1.83 s,5.90 s,7.54 s
2026-09-10 20:41:00,1.66 s,5.58 s,9.10 s
2026-09-10 20:41:30,2.23 s,7.17 s,9.10 s
2026-09-10 20:42:00,2.17 s,6.80 s,7.76 s
2026-09-10 20:42:30,2.24 s,6.80 s,7.76 s
2026-09-10 20:43:00,2.46 s,6.73 s,7.75 s
2026-09-10 20:43:30,1.96 s,5.83 s,7.48 s
2026-09-10 20:44:00,2.14 s,6.97 s,14.9 s
2026-09-10 20:44:30,2.00 s,6.65 s,15.3 s
2026-09-10 20:45:00,1.13 s,2.85 s,5.14 s
2026-09-10 20:45:30,2.12 s,6.90 s,7.78 s
2026-09-10 20:46:00,2.51 s,7.20 s,7.84 s
2026-09-10 20:46:30,1.83 s,6.20 s,7.64 s
2026-09-10 20:47:00,1.87 s,6 s,7.60 s
2026-09-10 20:47:30,1.59 s,5.44 s,7.04 s
2026-09-10 20:48:00,1.48 s,4.55 s,7.02 s
2026-09-10 20:48:30,1.86 s,7.13 s,9.08 s
2026-09-10 20:49:00,1.59 s,7.15 s,9.26 s
2026-09-10 20:49:30,2.07 s,7.55 s,9.42 s
2026-09-10 20:50:00,2.33 s,7.57 s,9.43 s
2026-09-10 20:50:30,2.05 s,8.15 s,14.3 s
2026-09-10 20:51:00,2.04 s,8.50 s,17.3 s
2026-09-10 20:51:30,1.69 s,5.65 s,14.6 s
2026-09-10 20:52:00,1.59 s,5.51 s,6.92 s
2026-09-10 20:52:30,2.11 s,7.60 s,14.8 s
2026-09-10 20:53:00,1.90 s,8.35 s,14.7 s
2026-09-10 20:53:30,1.55 s,5.07 s,9.04 s
2026-09-10 20:54:00,1.30 s,3.83 s,5.50 s
2026-09-10 20:54:30,1.37 s,4.20 s,5.64 s
2026-09-10 20:55:00,1.49 s,4.65 s,5.73 s
2026-09-10 20:55:30,1.59 s,5.44 s,7.04 s
2026-09-10 20:56:00,1.55 s,5.83 s,7.53 s
2026-09-10 20:56:30,1.47 s,5.52 s,7.36 s
2026-09-10 20:57:00,1.50 s,5.95 s,7.59 s
2026-09-10 20:57:30,1.73 s,5.77 s,7.51 s
2026-09-10 20:58:00,1.92 s,5.88 s,7.53 s
2026-09-10 20:58:30,1.76 s,5.82 s,7.53 s
2026-09-10 20:59:00,1.41 s,4.72 s,5.74 s
2026-09-10 20:59:30,1.47 s,5.50 s,8.90 s
2026-09-10 21:00:00,1.38 s,5.35 s,8.94 s
2026-09-10 21:00:30,1.85 s,5.80 s,7.48 s
2026-09-10 21:01:00,2.12 s,6.50 s,7.70 s
2026-09-10 21:01:30,1.88 s,6.10 s,7.62 s
2026-09-10 21:02:00,1.85 s,5.83 s,7.43 s
2026-09-10 21:02:30,1.69 s,6.13 s,7.63 s
2026-09-10 21:03:00,1.87 s,6.77 s,7.76 s
2026-09-10 21:03:30,1.76 s,6.17 s,7.63 s
2026-09-10 21:04:00,1.87 s,6.17 s,7.63 s
2026-09-10 21:04:30,1.69 s,5.83 s,7.55 s
2026-09-10 21:05:00,1.30 s,4.45 s,6.98 s
2026-09-10 21:05:30,1.57 s,5.97 s,7.59 s
2026-09-10 21:06:00,1.90 s,7.08 s,7.82 s
2026-09-10 21:06:30,2.08 s,7.47 s,8.96 s
2026-09-10 21:07:00,2.07 s,8.15 s,14.3 s
2026-09-10 21:07:30,1.90 s,5.75 s,14.0 s
2026-09-10 21:08:00,1.71 s,5.26 s,5.85 s
2026-09-10 21:08:30,1.87 s,6.70 s,8.82 s
2026-09-10 21:09:00,2.20 s,7.67 s,9.47 s
2026-09-10 21:09:30,2.26 s,7.40 s,9.48 s
2026-09-10 21:10:00,2.04 s,6.25 s,8.90 s
2026-09-10 21:10:30,1.45 s,5.15 s,6.92 s
2026-09-10 21:11:00,1.21 s,4.30 s,5.66 s
2026-09-10 21:11:30,1.41 s,5.33 s,7.06 s
2026-09-10 21:12:00,1.72 s,6.47 s,7.69 s
2026-09-10 21:12:30,1.69 s,5.95 s,7.58 s
2026-09-10 21:13:00,1.40 s,4.33 s,5.67 s
2026-09-10 21:13:30,1.22 s,3.55 s,5.42 s
2026-09-10 21:14:00,1.91 s,5.83 s,8.90 s
2026-09-10 21:14:30,2.48 s,6.50 s,9.00 s
2026-09-10 21:15:00,2.03 s,6.23 s,7.65 s
2026-09-10 21:15:30,1.80 s,6.03 s,7.61 s
2026-09-10 21:16:00,2.11 s,6.96 s,7.79 s
2026-09-10 21:16:30,2.18 s,7.02 s,7.80 s
2026-09-10 21:17:00,2.48 s,7.35 s,7.87 s
2026-09-10 21:17:30,2.43 s,7.20 s,7.84 s
2026-09-10 21:18:00,1.58 s,4.94 s,5.79 s
2026-09-10 21:18:30,1.79 s,5.85 s,7.54 s
2026-09-10 21:19:00,1.98 s,6.17 s,7.63 s
2026-09-10 21:19:30,2.06 s,6.03 s,7.61 s
2026-09-10 21:20:00,1.73 s,5.75 s,7.45 s
2026-09-10 21:20:30,1.06 s,2.93 s,4.74 s
2026-09-10 21:21:00,1.47 s,5.43 s,7.43 s
2026-09-10 21:21:30,1.98 s,6.96 s,7.79 s
2026-09-10 21:22:00,2.33 s,7.42 s,9.02 s
2026-09-10 21:22:30,2.36 s,7.17 s,9.10 s
2026-09-10 21:23:00,2.27 s,6.80 s,14.8 s
2026-09-10 21:23:30,1.95 s,6.50 s,14.5 s
2026-09-10 21:24:00,1.46 s,5.22 s,6.98 s
2026-09-10 21:24:30,1.80 s,6.83 s,7.77 s
2026-09-10 21:25:00,1.94 s,7.10 s,7.82 s
2026-09-10 21:25:30,1.94 s,6.03 s,7.61 s
2026-09-10 21:26:00,1.93 s,5.98 s,7.59 s
2026-09-10 21:26:30,1.50 s,5.60 s,7.40 s
2026-09-10 21:27:00,1.19 s,3.43 s,4.92 s
2026-09-10 21:27:30,1.50 s,4.93 s,6.96 s
2026-09-10 21:28:00,1.81 s,5.86 s,7.53 s
2026-09-10 21:28:30,1.79 s,5.82 s,8.98 s
2026-09-10 21:29:00,1.52 s,5.28 s,8.88 s
2026-09-10 21:29:30,1.36 s,5.20 s,9.04 s
2026-09-10 21:30:00,2.31 s,7.54 s,9.14 s
2026-09-10 21:30:30,1.86 s,6.67 s,7.74 s
2026-09-10 21:31:00,1.57 s,5.17 s,5.83 s
2026-09-10 21:31:30,2.02 s,6.13 s,7.63 s
2026-09-10 21:32:00,2.77 s,7.37 s,7.87 s
2026-09-10 21:32:30,2.57 s,7.23 s,7.85 s
2026-09-10 21:33:00,1.80 s,6.40 s,7.68 s
2026-09-10 21:33:30,2.20 s,7.17 s,7.83 s
2026-09-10 21:34:00,1.89 s,6.60 s,7.72 s
2026-09-10 21:34:30,1.93 s,7.00 s,17.5 s
2026-09-10 21:35:00,2.03 s,7.00 s,17.5 s
2026-09-10 21:35:30,1.63 s,5.51 s,6.92 s
2026-09-10 21:36:00,2.02 s,8.23 s,9.65 s
2026-09-10 21:36:30,1.91 s,8.23 s,9.65 s
2026-09-10 21:37:00,1.44 s,4.87 s,6.92 s
2026-09-10 21:37:30,1.67 s,6.87 s,8.92 s
2026-09-10 21:38:00,1.99 s,7.42 s,8.90 s
2026-09-10 21:38:30,1.77 s,6.73 s,8.84 s
2026-09-10 21:39:00,2.06 s,6.60 s,9.46 s
2026-09-10 21:39:30,2.65 s,9.00 s,15 s
2026-09-10 21:40:00,2.10 s,8.60 s,15.2 s
2026-09-10 21:40:30,1.52 s,5.29 s,5.86 s
2026-09-10 21:41:00,1.68 s,5.80 s,7.48 s
2026-09-10 21:41:30,2.26 s,8.65 s,9.73 s
2026-09-10 21:42:00,2.77 s,9.37 s,15.5 s
2026-09-10 21:42:30,2.23 s,7 s,16.0 s
2026-09-10 21:43:00,1.39 s,4.40 s,6.96 s
2026-09-10 21:43:30,1.34 s,3.75 s,5.45 s
2026-09-10 21:44:00,1.38 s,4.20 s,5.64 s
2026-09-10 21:44:30,1.36 s,4.93 s,6.96 s
2026-09-10 21:45:00,1.77 s,5.82 s,7.49 s
2026-09-10 21:45:30,1.52 s,5.35 s,6.82 s
2026-09-10 21:46:00,1.24 s,4 s,14.0 s
2026-09-10 21:46:30,1.59 s,6.35 s,14.7 s
2026-09-10 21:47:00,2.01 s,6.82 s,7.76 s
2026-09-10 21:47:30,1.55 s,5.60 s,7.44 s
2026-09-10 21:48:00,1.44 s,4.67 s,5.74 s
2026-09-10 21:48:30,2.03 s,6.30 s,7.66 s
2026-09-10 21:49:00,2.16 s,7.13 s,7.83 s
2026-09-10 21:49:30,2.39 s,7.36 s,7.87 s
2026-09-10 21:50:00,2.42 s,7.19 s,7.84 s
2026-09-10 21:50:30,2.20 s,6.62 s,7.73 s
2026-09-10 21:51:00,1.73 s,6.10 s,7.62 s
2026-09-10 21:51:30,1.72 s,6.15 s,14.3 s
2026-09-10 21:52:00,2.05 s,5.82 s,14.6 s
2026-09-10 21:52:30,2.00 s,5.91 s,7.52 s
2026-09-10 21:53:00,1.83 s,7.30 s,9.04 s
2026-09-10 21:53:30,1.61 s,6.80 s,8.88 s
2026-09-10 21:54:00,1.61 s,5.97 s,7.59 s
2026-09-10 21:54:30,1.53 s,6.07 s,7.61 s
2026-09-10 21:55:00,1.94 s,6.87 s,8.92 s
2026-09-10 21:55:30,2.30 s,7.05 s,9.41 s
2026-09-10 21:56:00,2.47 s,8.20 s,14.4 s
2026-09-10 21:56:30,2.32 s,7.63 s,14.9 s
2026-09-10 21:57:00,1.71 s,6.67 s,7.74 s
2026-09-10 21:57:30,1.85 s,6.37 s,7.67 s
2026-09-10 21:58:00,2.02 s,6.77 s,7.76 s
2026-09-10 21:58:30,1.92 s,6.80 s,7.76 s
2026-09-10 21:59:00,1.61 s,5.45 s,6.94 s
2026-09-10 21:59:30,1.32 s,4.13 s,5.63 s
2026-09-10 22:00:00,1.57 s,3.97 s,5.57 s
2026-09-10 22:00:30,1.81 s,4.97 s,5.79 s
2026-09-10 22:01:00,1.96 s,5.57 s,7.00 s
2026-09-10 22:01:30,2.09 s,5.66 s,7.12 s
2026-09-10 22:02:00,1.45 s,5.20 s,5.84 s
2026-09-10 22:02:30,1.25 s,4.60 s,5.72 s
2026-09-10 22:03:00,1.46 s,5.26 s,6.86 s
2026-09-10 22:03:30,1.75 s,5.78 s,7.47 s
2026-09-10 22:04:00,1.66 s,5.44 s,7.04 s
2026-09-10 22:04:30,1.88 s,6.13 s,7.63 s
2026-09-10 22:05:00,1.96 s,6.72 s,7.74 s
2026-09-10 22:05:30,1.86 s,6.27 s,7.65 s
2026-09-10 22:06:00,2.10 s,6.65 s,7.73 s
2026-09-10 22:06:30,2.01 s,7.07 s,9.04 s
2026-09-10 22:07:00,2.06 s,6.90 s,8.94 s
2026-09-10 22:07:30,1.65 s,5.78 s,7.47 s
2026-09-10 22:08:00,1.63 s,6.23 s,7.65 s
2026-09-10 22:08:30,1.96 s,6.42 s,7.69 s
2026-09-10 22:09:00,1.90 s,6.07 s,7.61 s
2026-09-10 22:09:30,1.95 s,6.40 s,7.68 s
2026-09-10 22:10:00,1.53 s,5.30 s,6.90 s
2026-09-10 22:10:30,1.52 s,5.47 s,7.44 s
2026-09-10 22:11:00,1.58 s,6.23 s,7.65 s
2026-09-10 22:11:30,1.89 s,7.43 s,9.43 s
2026-09-10 22:12:00,2.21 s,8.17 s,9.63 s
2026-09-10 22:12:30,2.52 s,9.50 s,17.5 s
2026-09-10 22:13:00,2.13 s,8.90 s,17.5 s
2026-09-10 22:13:30,1.64 s,5.73 s,7.44 s
2026-09-10 22:14:00,1.85 s,5.82 s,7.46 s
2026-09-10 22:14:30,2.19 s,6.23 s,7.65 s
2026-09-10 22:15:00,2.16 s,6.27 s,7.65 s
2026-09-10 22:15:30,1.40 s,5.25 s,7.00 s
2026-09-10 22:16:00,1.05 s,2.45 s,6.98 s
2026-09-10 22:16:30,1.01 s,3.25 s,5 s
2026-09-10 22:17:00,1.00 s,3.44 s,5.04 s
2026-09-10 22:17:30,1.09 s,3.75 s,5.50 s
2026-09-10 22:18:00,1.21 s,4.33 s,5.67 s
2026-09-10 22:18:30,1.47 s,5.54 s,7.14 s
2026-09-10 22:19:00,1.70 s,5.65 s,7.04 s
2026-09-10 22:19:30,1.70 s,5.50 s,6.90 s
2026-09-10 22:20:00,1.80 s,6.35 s,14.7 s
2026-09-10 22:20:30,1.95 s,7.00 s,14.0 s
2026-09-10 22:21:00,1.84 s,5.97 s,7.59 s
2026-09-10 22:21:30,1.67 s,5.73 s,7.49 s
2026-09-10 22:22:00,1.74 s,6.20 s,7.64 s
2026-09-10 22:22:30,1.76 s,6.20 s,7.64 s
2026-09-10 22:23:00,2.05 s,6.93 s,8.96 s
2026-09-10 22:23:30,1.96 s,7.07 s,8.86 s
2026-09-10 22:24:00,2.16 s,7.30 s,14.5 s
2026-09-10 22:24:30,1.97 s,6.25 s,14.5 s
2026-09-10 22:25:00,1.69 s,5.67 s,7.47 s
2026-09-10 22:25:30,1.97 s,6.20 s,7.64 s
2026-09-10 22:26:00,1.68 s,5.73 s,7.41 s
2026-09-10 22:26:30,1.85 s,6.20 s,7.64 s
2026-09-10 22:27:00,1.85 s,5.79 s,7.45 s
2026-09-10 22:27:30,1.51 s,5.60 s,7.44 s
2026-09-10 22:28:00,1.81 s,6.75 s,7.75 s
2026-09-10 22:28:30,1.91 s,7.10 s,9.06 s
2026-09-10 22:29:00,1.93 s,8.23 s,9.65 s
2026-09-10 22:29:30,2.38 s,9.13 s,14.5 s
2026-09-10 22:30:00,2.21 s,8.30 s,14.6 s
2026-09-10 22:30:30,1.59 s,5.24 s,5.85 s
2026-09-10 22:31:00,1.88 s,5.80 s,7.48 s
2026-09-10 22:31:30,2.19 s,6.88 s,7.78 s
2026-09-10 22:32:00,1.93 s,6.52 s,7.70 s
2026-09-10 22:32:30,1.53 s,5.26 s,6.86 s
2026-09-10 22:33:00,1.41 s,4.55 s,7.02 s
2026-09-10 22:33:30,1.52 s,4.65 s,7.06 s
2026-09-10 22:34:00,1.52 s,4.33 s,5.67 s
2026-09-10 22:34:30,1.66 s,5.84 s,7.52 s
2026-09-10 22:35:00,1.79 s,5.91 s,7.53 s
2026-09-10 22:35:30,1.52 s,5.26 s,5.85 s
2026-09-10 22:36:00,1.34 s,4.70 s,5.74 s
2026-09-10 22:36:30,1.69 s,5.82 s,8.98 s
2026-09-10 22:37:00,2.00 s,5.87 s,9.00 s
2026-09-10 22:37:30,2.05 s,5.61 s,6.98 s
2026-09-10 22:38:00,1.85 s,5.67 s,7.40 s
2026-09-10 22:38:30,1.59 s,5.47 s,7.39 s
2026-09-10 22:39:00,1.99 s,6.27 s,7.65 s
2026-09-10 22:39:30,1.87 s,6.52 s,7.70 s
2026-09-10 22:40:00,2.14 s,6.87 s,14.6 s
2026-09-10 22:40:30,2.00 s,6.55 s,15.1 s
2026-09-10 22:41:00,1.47 s,5.10 s,7.42 s
2026-09-10 22:41:30,2.06 s,5.79 s,7.45 s
2026-09-10 22:42:00,2.27 s,6.33 s,7.67 s
2026-09-10 22:42:30,2.16 s,6.80 s,7.76 s
2026-09-10 22:43:00,2.05 s,6.33 s,7.67 s
2026-09-10 22:43:30,1.42 s,5.47 s,7.39 s
2026-09-10 22:44:00,1.63 s,5.93 s,7.57 s
2026-09-10 22:44:30,1.78 s,6.90 s,8.94 s
2026-09-10 22:45:00,2.13 s,7.65 s,9.46 s
2026-09-10 22:45:30,2.35 s,8.45 s,14.9 s
2026-09-10 22:46:00,2.32 s,5.94 s,15.5 s
2026-09-10 22:46:30,2.12 s,5.53 s,5.91 s
2026-09-10 22:47:00,1.52 s,4.98 s,5.80 s
2026-09-10 22:47:30,1.56 s,5.64 s,7.42 s
2026-09-10 22:48:00,2.04 s,6.87 s,14.6 s
2026-09-10 22:48:30,1.99 s,5.87 s,15.2 s
2026-09-10 22:49:00,1.42 s,5.20 s,6.96 s
2026-09-10 22:49:30,1.30 s,4.35 s,6.94 s
2026-09-10 22:50:00,1.43 s,4.74 s,5.75 s
2026-09-10 22:50:30,1.37 s,4.50 s,5.70 s
2026-09-10 22:51:00,1.94 s,5.92 s,7.56 s
2026-09-10 22:51:30,2.15 s,5.91 s,7.52 s
2026-09-10 22:52:00,1.51 s,5.13 s,5.83 s
2026-09-10 22:52:30,1.52 s,4.55 s,15.1 s
2026-09-10 22:53:00,1.71 s,6.90 s,14.9 s
2026-09-10 22:53:30,1.71 s,6.70 s,8.82 s
2026-09-10 22:54:00,1.50 s,5.43 s,7.43 s
2026-09-10 22:54:30,2.00 s,6.67 s,7.74 s
2026-09-10 22:55:00,2.43 s,7.29 s,7.86 s
2026-09-10 22:55:30,2.10 s,6.88 s,7.78 s
2026-09-10 22:56:00,2.08 s,6.07 s,7.61 s
2026-09-10 22:56:30,1.94 s,6.07 s,7.61 s
2026-09-10 22:57:00,1.39 s,5.00 s,6.80 s
2026-09-10 22:57:30,1.76 s,6.10 s,7.62 s
2026-09-10 22:58:00,2.38 s,7.44 s,9.04 s
2026-09-10 22:58:30,2.44 s,7.20 s,8.96 s
2026-09-10 22:59:00,1.80 s,6.10 s,7.62 s
2026-09-10 22:59:30,1.62 s,5.38 s,6.98 s
2026-09-10 23:00:00,1.91 s,5.91 s,7.53 s
2026-09-10 23:00:30,1.54 s,5.84 s,7.52 s
2026-09-10 23:01:00,1.68 s,6.77 s,8.86 s
2026-09-10 23:01:30,2.29 s,7.58 s,9.39 s
2026-09-10 23:02:00,2.20 s,7.20 s,14.4 s
2026-09-10 23:02:30,1.88 s,5.72 s,14.3 s
2026-09-10 23:03:00,1.58 s,5.74 s,7.47 s
2026-09-10 23:03:30,1.55 s,5.37 s,6.84 s
2026-09-10 23:04:00,1.95 s,6.70 s,7.74 s
2026-09-10 23:04:30,1.97 s,7.35 s,9.08 s
2026-09-10 23:05:00,1.49 s,5.05 s,8.84 s
2026-09-10 23:05:30,1.29 s,3.70 s,5.42 s
2026-09-10 23:06:00,1.41 s,3.82 s,5.46 s
2026-09-10 23:06:30,1.56 s,5.07 s,7.04 s
2026-09-10 23:07:00,1.86 s,6.43 s,7.69 s
2026-09-10 23:07:30,1.68 s,5.82 s,7.51 s
2026-09-10 23:08:00,1.60 s,5.30 s,15.2 s
2026-09-10 23:08:30,1.54 s,5.43 s,14.3 s
2026-09-10 23:09:00,1.39 s,6.20 s,8.88 s
2026-09-10 23:09:30,2.00 s,7.22 s,8.98 s
2026-09-10 23:10:00,2.16 s,6.30 s,7.66 s
2026-09-10 23:10:30,1.93 s,5.88 s,9.06 s
2026-09-10 23:11:00,1.76 s,6.35 s,8.94 s
2026-09-10 23:11:30,2.10 s,5.83 s,8.86 s
2026-09-10 23:12:00,2.41 s,6.77 s,8.86 s
2026-09-10 23:12:30,2.14 s,6.80 s,7.76 s
2026-09-10 23:13:00,1.90 s,5.71 s,7.40 s
2026-09-10 23:13:30,2.04 s,10.2 s,18.0 s
2026-09-10 23:14:00,2.42 s,10.7 s,18.1 s
2026-09-10 23:14:30,1.54 s,5.45 s,6.94 s
2026-09-10 23:15:00,1.53 s,5.03 s,6.82 s
2026-09-10 23:15:30,1.79 s,5.64 s,7.42 s
2026-09-10 23:16:00,1.69 s,5.75 s,7.45 s
2026-09-10 23:16:30,1.89 s,6.58 s,7.72 s
2026-09-10 23:17:00,2.07 s,7.63 s,9.45 s
2026-09-10 23:17:30,2.14 s,8.27 s,9.65 s
2026-09-10 23:18:00,2.14 s,8.40 s,14.8 s
2026-09-10 23:18:30,1.89 s,5.98 s,13.9 s
2026-09-10 23:19:00,1.55 s,5.20 s,8.80 s
2026-09-10 23:19:30,1.54 s,6.23 s,7.65 s
2026-09-10 23:20:00,2.46 s,7.48 s,8.98 s
2026-09-10 23:20:30,2.57 s,7.27 s,9.02 s
2026-09-10 23:21:00,2.11 s,6.43 s,7.69 s
2026-09-10 23:21:30,1.86 s,5.90 s,7.56 s
2026-09-10 23:22:00,1.29 s,3.58 s,5.10 s
2026-09-10 23:22:30,1.35 s,3.86 s,7.06 s
2026-09-10 23:23:00,1.65 s,5.57 s,7.08 s
2026-09-10 23:23:30,1.97 s,6.85 s,9.14 s
2026-09-10 23:24:00,1.68 s,6.45 s,8.98 s
2026-09-10 23:24:30,1.42 s,4.73 s,6.84 s
2026-09-10 23:25:00,1.74 s,5.65 s,7.46 s
2026-09-10 23:25:30,1.47 s,5.23 s,8.74 s
2026-09-10 23:26:00,1.38 s,5.83 s,8.70 s
2026-09-10 23:26:30,1.63 s,5.70 s,7.45 s
2026-09-10 23:27:00,1.65 s,5.70 s,7.48 s
2026-09-10 23:27:30,1.83 s,6.67 s,7.74 s
2026-09-10 23:28:00,1.95 s,6.92 s,7.78 s
2026-09-10 23:28:30,2.35 s,7.27 s,7.85 s
2026-09-10 23:29:00,2.47 s,7.30 s,7.86 s
2026-09-10 23:29:30,1.62 s,6.23 s,7.65 s
2026-09-10 23:30:00,1.95 s,5.82 s,7.44 s
2026-09-10 23:30:30,2.56 s,6.70 s,7.74 s
2026-09-10 23:31:00,2.19 s,6.67 s,7.74 s
2026-09-10 23:31:30,2.07 s,6.65 s,7.73 s
2026-09-10 23:32:00,1.68 s,6.23 s,7.65 s
2026-09-10 23:32:30,1.37 s,4.90 s,6.94 s
2026-09-10 23:33:00,1.45 s,6.23 s,7.65 s
2026-09-10 23:33:30,1.95 s,7.23 s,8.98 s
2026-09-10 23:34:00,2.11 s,7.00 s,9.50 s
2026-09-10 23:34:30,2.03 s,8.30 s,17.1 s
2026-09-10 23:35:00,1.90 s,5.80 s,17.2 s
2026-09-10 23:35:30,1.65 s,5.25 s,7 s
2026-09-10 23:36:00,1.68 s,5.17 s,6.94 s
2026-09-10 23:36:30,1.94 s,6.20 s,7.64 s
2026-09-10 23:37:00,2.05 s,6.33 s,7.67 s
2026-09-10 23:37:30,1.73 s,5.59 s,7.02 s
2026-09-10 23:38:00,1.48 s,5.10 s,6.88 s
2026-09-10 23:38:30,1.32 s,3.97 s,5.59 s
2026-09-10 23:39:00,1.54 s,5.53 s,7.46 s
2026-09-10 23:39:30,1.93 s,6.85 s,7.77 s
2026-09-10 23:40:00,1.89 s,5.84 s,7.49 s
2026-09-10 23:40:30,1.67 s,5.65 s,9.46 s
2026-09-10 23:41:00,1.42 s,3.70 s,9.45 s
2026-09-10 23:41:30,1.76 s,6.15 s,8.86 s
2026-09-10 23:42:00,2.13 s,6.35 s,8.94 s
2026-09-10 23:42:30,1.95 s,5.79 s,7.45 s
2026-09-10 23:43:00,1.93 s,5.65 s,7.39 s
2026-09-10 23:43:30,1.96 s,5.58 s,7.39 s
2026-09-10 23:44:00,1.77 s,6.17 s,7.63 s
2026-09-10 23:44:30,2.17 s,7.29 s,7.86 s
2026-09-10 23:45:00,2.41 s,7.18 s,7.84 s
2026-09-10 23:45:30,1.61 s,5.40 s,15.0 s
2026-09-10 23:46:00,2.04 s,7.70 s,17.9 s
2026-09-10 23:46:30,2.36 s,6.50 s,15 s
2026-09-10 23:47:00,1.89 s,6.03 s,7.61 s
2026-09-10 23:47:30,1.56 s,5.75 s,7.50 s
2026-09-10 23:48:00,1.51 s,4.98 s,5.80 s
2026-09-10 23:48:30,1.58 s,5.68 s,7.44 s
2026-09-10 23:49:00,1.57 s,6.47 s,7.70 s
2026-09-10 23:49:30,1.84 s,7.14 s,8.74 s
2026-09-10 23:50:00,2.13 s,8.17 s,9.63 s
2026-09-10 23:50:30,2.42 s,8.25 s,14.5 s
2026-09-10 23:51:00,2.01 s,5.65 s,14.2 s
2026-09-10 23:51:30,1.82 s,5.86 s,7.50 s
2026-09-10 23:52:00,1.99 s,6.27 s,7.65 s
2026-09-10 23:52:30,1.81 s,6.77 s,8.86 s
2026-09-10 23:53:00,2.33 s,8.70 s,15.4 s
2026-09-10 23:53:30,1.98 s,7.00 s,15.0 s
2026-09-10 23:54:00,1.29 s,4.65 s,5.73 s
2026-09-10 23:54:30,1.19 s,3.72 s,5.46 s
2026-09-10 23:55:00,1.28 s,4.77 s,6.86 s
2026-09-10 23:55:30,1.52 s,5.75 s,7.50 s
2026-09-10 23:56:00,1.61 s,5.40 s,7.00 s
2026-09-10 23:56:30,1.45 s,5.03 s,5.81 s
2026-09-10 23:57:00,1.32 s,4.77 s,6.86 s
2026-09-10 23:57:30,1.74 s,6.67 s,7.74 s
2026-09-10 23:58:00,1.93 s,6.20 s,7.64 s
2026-09-10 23:58:30,1.94 s,5.51 s,6.92 s
2026-09-10 23:59:00,2.06 s,6.60 s,7.72 s
2026-09-10 23:59:30,1.97 s,6.82 s,7.76 s
2026-09-11 00:00:00,1.82 s,5.65 s,7.39 s
2026-09-11 00:00:30,1.94 s,6.23 s,7.65 s
2026-09-11 00:01:00,1.86 s,6.17 s,7.63 s
2026-09-11 00:01:30,1.50 s,5.33 s,8.80 s
2026-09-11 00:02:00,1.85 s,6.93 s,8.96 s
2026-09-11 00:02:30,1.99 s,5.90 s,7.51 s
2026-09-11 00:03:00,1.73 s,5.88 s,9.08 s
2026-09-11 00:03:30,1.73 s,6.75 s,9.10 s
2026-09-11 00:04:00,1.59 s,5.43 s,6.80 s
2026-09-11 00:04:30,1.67 s,5.42 s,6.68 s
2026-09-11 00:05:00,1.91 s,5.83 s,7.45 s
2026-09-11 00:05:30,2.39 s,7.42 s,9.02 s
2026-09-11 00:06:00,2.30 s,7.67 s,9.47 s
2026-09-11 00:06:30,2.30 s,10.7 s,18.1 s
2026-09-11 00:07:00,2.23 s,10.2 s,18.0 s
2026-09-11 00:07:30,1.59 s,5.62 s,8.82 s
2026-09-11 00:08:00,1.71 s,5.76 s,7.48 s
2026-09-11 00:08:30,2.00 s,6.65 s,7.73 s
2026-09-11 00:09:00,2.19 s,7.07 s,9.04 s
2026-09-11 00:09:30,1.78 s,5.92 s,9.12 s
2026-09-11 00:10:00,1.21 s,4.30 s,6.92 s
2026-09-11 00:10:30,1.27 s,4.23 s,5.65 s
2026-09-11 00:11:00,1.30 s,4.70 s,5.74 s
2026-09-11 00:11:30,1.52 s,5.57 s,7.00 s
2026-09-11 00:12:00,2.00 s,5.91 s,7.52 s
2026-09-11 00:12:30,1.83 s,5.81 s,7.41 s
2026-09-11 00:13:00,1.57 s,5.60 s,8.80 s
2026-09-11 00:13:30,1.63 s,5.70 s,8.90 s
2026-09-11 00:14:00,1.79 s,5.82 s,7.46 s
2026-09-11 00:14:30,1.83 s,5.64 s,6.96 s
2026-09-11 00:15:00,1.76 s,5.87 s,7.51 s
2026-09-11 00:15:30,2.06 s,7.02 s,7.80 s
2026-09-11 00:16:00,2.26 s,6.84 s,7.77 s
2026-09-11 00:16:30,2.36 s,6.92 s,7.78 s
2026-09-11 00:17:00,2.19 s,6.67 s,7.74 s
2026-09-11 00:17:30,1.60 s,5.38 s,6.86 s
2026-09-11 00:18:00,1.76 s,6.60 s,7.72 s
2026-09-11 00:18:30,2.13 s,6.65 s,7.73 s
2026-09-11 00:19:00,2.10 s,5.62 s,6.92 s
2026-09-11 00:19:30,2.15 s,6.80 s,7.76 s
2026-09-11 00:20:00,1.90 s,6.82 s,7.76 s
2026-09-11 00:20:30,1.66 s,5.78 s,7.47 s
2026-09-11 00:21:00,1.73 s,5.95 s,7.57 s
2026-09-11 00:21:30,2.13 s,8.47 s,9.69 s
2026-09-11 00:22:00,2.21 s,8.98 s,9.80 s
2026-09-11 00:22:30,2.20 s,8.35 s,14.7 s
2026-09-11 00:23:00,2.13 s,5.70 s,15.0 s
2026-09-11 00:23:30,1.44 s,5.00 s,5.80 s
2026-09-11 00:24:00,1.79 s,6.88 s,7.78 s
2026-09-11 00:24:30,2.26 s,7.19 s,7.84 s
2026-09-11 00:25:00,2.09 s,6 s,7.60 s
2026-09-11 00:25:30,1.85 s,6.03 s,7.61 s
2026-09-11 00:26:00,1.60 s,5.70 s,7.45 s
2026-09-11 00:26:30,1.31 s,3.84 s,5.49 s
2026-09-11 00:27:00,1.18 s,3.78 s,5.49 s
2026-09-11 00:27:30,1.41 s,5.27 s,5.85 s
2026-09-11 00:28:00,1.83 s,5.64 s,7.02 s
2026-09-11 00:28:30,1.74 s,5.45 s,6.94 s
2026-09-11 00:29:00,1.37 s,4.67 s,5.74 s
2026-09-11 00:29:30,1.45 s,5.04 s,5.81 s
2026-09-11 00:30:00,1.73 s,5.67 s,7.40 s
2026-09-11 00:30:30,1.69 s,5.60 s,7.40 s
2026-09-11 00:31:00,1.76 s,5.34 s,6.94 s
2026-09-11 00:31:30,1.67 s,5.40 s,7.42 s
2026-09-11 00:32:00,1.86 s,7.10 s,9.42 s
2026-09-11 00:32:30,2.02 s,7.35 s,9.47 s
2026-09-11 00:33:00,1.83 s,6.37 s,7.67 s
2026-09-11 00:33:30,2.26 s,7.15 s,7.83 s
2026-09-11 00:34:00,1.89 s,6.67 s,7.74 s
2026-09-11 00:34:30,1.92 s,7.17 s,7.83 s
2026-09-11 00:35:00,2.37 s,7.12 s,7.82 s
2026-09-11 00:35:30,2.02 s,5.65 s,6.84 s
2026-09-11 00:36:00,2.14 s,7.02 s,7.80 s
2026-09-11 00:36:30,1.74 s,6.66 s,7.73 s
2026-09-11 00:37:00,1.40 s,5.50 s,7.40 s
2026-09-11 00:37:30,1.81 s,6.65 s,7.73 s
2026-09-11 00:38:00,1.88 s,7.07 s,8.86 s
2026-09-11 00:38:30,1.81 s,7.25 s,9.45 s
2026-09-11 00:39:00,1.94 s,5.69 s,8.98 s
2026-09-11 00:39:30,2.10 s,6.20 s,14.4 s
2026-09-11 00:40:00,1.88 s,6.70 s,14.1 s
2026-09-11 00:40:30,1.76 s,5.63 s,7.49 s
2026-09-11 00:41:00,1.57 s,6.17 s,7.63 s
2026-09-11 00:41:30,1.84 s,5.99 s,13.9 s
2026-09-11 00:42:00,1.70 s,5.49 s,13.9 s
2026-09-11 00:42:30,1.18 s,3.74 s,5.47 s
2026-09-11 00:43:00,1.22 s,4.30 s,5.66 s
2026-09-11 00:43:30,1.47 s,5.19 s,5.84 s
2026-09-11 00:44:00,1.97 s,5.95 s,7.56 s
2026-09-11 00:44:30,1.69 s,6 s,7.60 s
2026-09-11 00:45:00,1.31 s,4.13 s,5.63 s
2026-09-11 00:45:30,1.56 s,5.03 s,8.82 s
2026-09-11 00:46:00,1.92 s,5.81 s,8.94 s
2026-09-11 00:46:30,2.08 s,5.72 s,7.04 s
2026-09-11 00:47:00,1.88 s,5.83 s,7.50 s
2026-09-11 00:47:30,1.69 s,5.53 s,7.46 s
2026-09-11 00:48:00,1.86 s,6.67 s,8.80 s
2026-09-11 00:48:30,2.43 s,7.49 s,8.88 s
2026-09-11 00:49:00,2.29 s,7.30 s,7.86 s
2026-09-11 00:49:30,1.85 s,6.65 s,7.73 s
2026-09-11 00:50:00,1.58 s,5.53 s,7.04 s
2026-09-11 00:50:30,1.59 s,6.05 s,7.61 s
2026-09-11 00:51:00,2.31 s,7.43 s,9.26 s
2026-09-11 00:51:30,1.87 s,6.20 s,9.24 s
2026-09-11 00:52:00,1.66 s,6.67 s,7.73 s
2026-09-11 00:52:30,1.74 s,7.07 s,7.82 s
2026-09-11 00:53:00,1.69 s,7 s,7.80 s
2026-09-11 00:53:30,2.06 s,6.60 s,7.72 s
2026-09-11 00:54:00,1.59 s,5.55 s,7.06 s
2026-09-11 00:54:30,2.41 s,12 s,18.4 s
2026-09-11 00:55:00,2.89 s,12.5 s,18.5 s
2026-09-11 00:55:30,2.29 s,8.10 s,17.1 s
2026-09-11 00:56:00,1.84 s,5.70 s,16.9 s
2026-09-11 00:56:30,1.43 s,5.42 s,6.90 s
2026-09-11 00:57:00,1.84 s,5.84 s,7.47 s
2026-09-11 00:57:30,2.07 s,6.40 s,7.68 s
2026-09-11 00:58:00,2.01 s,5.89 s,7.50 s
2026-09-11 00:58:30,1.82 s,5.57 s,7 s
2026-09-11 00:59:00,1.44 s,5 s,7.00 s
2026-09-11 00:59:30,1.51 s,4.90 s,5.78 s
2026-09-11 01:00:00,1.52 s,5.20 s,6.96 s
2026-09-11 01:00:30,1.48 s,4.90 s,7.16 s
2026-09-11 01:01:00,1.55 s,5.20 s,6.96 s
2026-09-11 01:01:30,1.40 s,5.37 s,7.41 s
2026-09-11 01:02:00,1.58 s,5.83 s,7.53 s
2026-09-11 01:02:30,2.09 s,7.27 s,9.02 s
2026-09-11 01:03:00,1.93 s,6.77 s,8.86 s
2026-09-11 01:03:30,1.64 s,5.43 s,6.92 s
2026-09-11 01:04:00,1.98 s,5.74 s,7.47 s
2026-09-11 01:04:30,2.30 s,6.52 s,7.70 s
2026-09-11 01:05:00,2.04 s,6.67 s,14.0 s
2026-09-11 01:05:30,1.62 s,6.40 s,17.2 s
2026-09-11 01:06:00,1.60 s,5.57 s,14.3 s
2026-09-11 01:06:30,1.36 s,4.45 s,5.69 s
2026-09-11 01:07:00,1.77 s,6.55 s,7.71 s
2026-09-11 01:07:30,2.41 s,7.12 s,7.82 s
2026-09-11 01:08:00,2.18 s,5.88 s,7.46 s
2026-09-11 01:08:30,1.83 s,6.23 s,7.65 s
2026-09-11 01:09:00,1.48 s,6.40 s,7.68 s
2026-09-11 01:09:30,1.47 s,5.17 s,6.94 s
2026-09-11 01:10:00,1.71 s,6.45 s,7.69 s
2026-09-11 01:10:30,1.80 s,7.03 s,8.82 s
2026-09-11 01:11:00,1.99 s,6.70 s,9.47 s
2026-09-11 01:11:30,2.01 s,5.77 s,14.4 s
2026-09-11 01:12:00,1.59 s,5.27 s,13.6 s
2026-09-11 01:12:30,1.39 s,5.13 s,5.83 s
2026-09-11 01:13:00,1.50 s,5.66 s,7.43 s
2026-09-11 01:13:30,1.44 s,5.10 s,7.42 s
2026-09-11 01:14:00,2.00 s,6.80 s,14.8 s
2026-09-11 01:14:30,2.36 s,7.75 s,15.5 s
2026-09-11 01:15:00,1.58 s,5.90 s,7.57 s
2026-09-11 01:15:30,1.37 s,3.85 s,7.02 s
2026-09-11 01:16:00,1.47 s,3.87 s,5.48 s
2026-09-11 01:16:30,1.40 s,4.75 s,5.75 s
2026-09-11 01:17:00,1.54 s,5.54 s,6.96 s
2026-09-11 01:17:30,1.59 s,5.78 s,8.94 s
2026-09-11 01:18:00,1.80 s,8.50 s,17.3 s
2026-09-11 01:18:30,1.87 s,6.80 s,17.4 s
2026-09-11 01:19:00,1.35 s,4.35 s,6.94 s
2026-09-11 01:19:30,1.59 s,6.17 s,7.63 s
2026-09-11 01:20:00,2.01 s,6.27 s,7.65 s
2026-09-11 01:20:30,2.19 s,5.71 s,7.02 s
2026-09-11 01:21:00,2.00 s,5.84 s,7.49 s
2026-09-11 01:21:30,2.03 s,6.86 s,7.77 s
2026-09-11 01:22:00,2.27 s,7.20 s,7.84 s
2026-09-11 01:22:30,1.99 s,6.77 s,7.76 s
2026-09-11 01:23:00,1.89 s,6.23 s,7.65 s
2026-09-11 01:23:30,1.79 s,6.23 s,7.65 s
2026-09-11 01:24:00,1.89 s,6.78 s,7.76 s
2026-09-11 01:24:30,1.92 s,6.00 s,7.60 s
2026-09-11 01:25:00,1.56 s,5.13 s,5.83 s
2026-09-11 01:25:30,1.92 s,5.88 s,7.53 s
2026-09-11 01:26:00,2.17 s,6.96 s,7.79 s
2026-09-11 01:26:30,1.69 s,6.67 s,7.74 s
2026-09-11 01:27:00,1.72 s,6.33 s,7.67 s
2026-09-11 01:27:30,1.94 s,7.00 s,9 s
2026-09-11 01:28:00,2.18 s,8.27 s,9.65 s
2026-09-11 01:28:30,2.12 s,8.27 s,9.65 s
2026-09-11 01:29:00,2.28 s,9.03 s,15.1 s
2026-09-11 01:29:30,2.04 s,8.60 s,15.2 s
2026-09-11 01:30:00,1.46 s,5.15 s,5.83 s
2026-09-11 01:30:30,2.03 s,5.76 s,7.41 s
2026-09-11 01:31:00,2.20 s,6.58 s,7.72 s
2026-09-11 01:31:30,2.18 s,6.20 s,7.64 s
2026-09-11 01:32:00,1.65 s,5.79 s,7.45 s
2026-09-11 01:32:30,1.34 s,4.35 s,6.94 s
2026-09-11 01:33:00,1.48 s,4.60 s,7.04 s
2026-09-11 01:33:30,1.50 s,6.23 s,7.65 s
2026-09-11 01:34:00,1.64 s,6.07 s,7.61 s
2026-09-11 01:34:30,1.65 s,5.48 s,6.98 s
2026-09-11 01:35:00,1.25 s,3.70 s,5.48 s
2026-09-11 01:35:30,1.67 s,5.05 s,7.41 s
2026-09-11 01:36:00,2.15 s,6.13 s,7.63 s
2026-09-11 01:36:30,1.85 s,5.54 s,6.86 s
2026-09-11 01:37:00,1.94 s,6.65 s,7.73 s
2026-09-11 01:37:30,2.02 s,7.00 s,7.80 s
2026-09-11 01:38:00,1.96 s,6.65 s,7.73 s
2026-09-11 01:38:30,2.27 s,6.94 s,7.79 s
2026-09-11 01:39:00,2.42 s,7.02 s,7.80 s
2026-09-11 01:39:30,2.26 s,7.00 s,7.80 s
2026-09-11 01:40:00,1.58 s,6.65 s,7.73 s
2026-09-11 01:40:30,1.75 s,7.02 s,7.80 s
2026-09-11 01:41:00,1.97 s,6.37 s,7.67 s
2026-09-11 01:41:30,1.93 s,5.60 s,6.88 s
2026-09-11 01:42:00,1.99 s,5.80 s,7.40 s
2026-09-11 01:42:30,1.71 s,5.64 s,7.42 s
2026-09-11 01:43:00,1.46 s,5.13 s,6.90 s
2026-09-11 01:43:30,1.60 s,5.70 s,7.48 s
2026-09-11 01:44:00,1.48 s,6.37 s,7.67 s
2026-09-11 01:44:30,1.42 s,6.25 s,8.90 s
2026-09-11 01:45:00,2.08 s,8.07 s,9.61 s
2026-09-11 01:45:30,2.25 s,8.83 s,14.5 s
2026-09-11 01:46:00,1.78 s,5.77 s,14.4 s
2026-09-11 01:46:30,1.56 s,5.21 s,5.84 s
2026-09-11 01:47:00,1.46 s,5.15 s,6.92 s
2026-09-11 01:47:30,1.76 s,6.67 s,14.0 s
2026-09-11 01:48:00,2.07 s,5.99 s,13.9 s
2026-09-11 01:48:30,1.81 s,5.48 s,5.90 s
2026-09-11 01:49:00,1.31 s,4.94 s,5.79 s
2026-09-11 01:49:30,1.27 s,4.17 s,5.63 s
2026-09-11 01:50:00,1.32 s,4.27 s,5.65 s
2026-09-11 01:50:30,1.47 s,5.25 s,7.00 s
2026-09-11 01:51:00,1.84 s,6.45 s,8.98 s
2026-09-11 01:51:30,1.57 s,6.80 s,9.48 s
2026-09-11 01:52:00,1.46 s,6.90 s,9.49 s
2026-09-11 01:52:30,1.76 s,6.30 s,8.92 s
2026-09-11 01:53:00,1.57 s,5.65 s,7.46 s
2026-09-11 01:53:30,1.45 s,4.25 s,6.90 s
2026-09-11 01:54:00,1.86 s,5.74 s,7.47 s
2026-09-11 01:54:30,1.85 s,6.94 s,7.79 s
2026-09-11 01:55:00,1.80 s,7.17 s,7.83 s
2026-09-11 01:55:30,2.24 s,7.12 s,7.82 s
2026-09-11 01:56:00,2.16 s,6.70 s,7.74 s
2026-09-11 01:56:30,2.33 s,7.38 s,8.98 s
2026-09-11 01:57:00,1.89 s,6.90 s,8.94 s
2026-09-11 01:57:30,1.45 s,5.24 s,6.84 s
2026-09-11 01:58:00,2.28 s,7.17 s,7.83 s
2026-09-11 01:58:30,2.42 s,7.18 s,7.84 s
2026-09-11 01:59:00,1.79 s,5.70 s,7.45 s
2026-09-11 01:59:30,1.73 s,6.55 s,7.71 s
2026-09-11 02:00:00,1.64 s,6.03 s,7.61 s
2026-09-11 02:00:30,1.40 s,5.55 s,7.42 s
2026-09-11 02:01:00,1.74 s,6.77 s,8.86 s
2026-09-11 02:01:30,2.35 s,8.73 s,9.74 s
2026-09-11 02:02:00,2.35 s,8.53 s,9.71 s
2026-09-11 02:02:30,1.95 s,5.70 s,15.3 s
2026-09-11 02:03:00,1.44 s,5.15 s,14.6 s
2026-09-11 02:03:30,1.27 s,4.67 s,5.74 s
2026-09-11 02:04:00,1.66 s,5.57 s,7.00 s
2026-09-11 02:04:30,2.16 s,6.73 s,14.2 s
2026-09-11 02:05:00,2.36 s,5.98 s,13.8 s
2026-09-11 02:05:30,2.12 s,5.69 s,6.86 s
2026-09-11 02:06:00,1.63 s,5.30 s,7.04 s
2026-09-11 02:06:30,1.33 s,4.33 s,5.67 s
2026-09-11 02:07:00,1.43 s,5.15 s,6.92 s
2026-09-11 02:07:30,1.39 s,5.60 s,7.52 s
2026-09-11 02:08:00,1.55 s,5.42 s,7.02 s
2026-09-11 02:08:30,1.32 s,4.65 s,5.73 s
2026-09-11 02:09:00,1.44 s,5.25 s,9.00 s
2026-09-11 02:09:30,2.01 s,6.65 s,9.06 s
2026-09-11 02:10:00,1.85 s,6.17 s,7.63 s
2026-09-11 02:10:30,2.07 s,6.10 s,7.62 s
2026-09-11 02:11:00,2.12 s,6.60 s,7.72 s
2026-09-11 02:11:30,1.84 s,6.58 s,7.72 s
2026-09-11 02:12:00,2.13 s,6.67 s,7.74 s
2026-09-11 02:12:30,2.63 s,7.42 s,7.88 s
2026-09-11 02:13:00,2.16 s,7.24 s,7.85 s
2026-09-11 02:13:30,1.47 s,4.75 s,5.75 s
2026-09-11 02:14:00,1.67 s,5.73 s,7.52 s
2026-09-11 02:14:30,2.17 s,6.33 s,7.67 s
2026-09-11 02:15:00,1.81 s,5.80 s,7.44 s
2026-09-11 02:15:30,1.49 s,6.10 s,7.62 s
2026-09-11 02:16:00,1.66 s,5.70 s,7.42 s
2026-09-11 02:16:30,1.78 s,5.74 s,7.42 s
2026-09-11 02:17:00,1.66 s,6.65 s,7.73 s
2026-09-11 02:17:30,2.05 s,7.33 s,8.80 s
2026-09-11 02:18:00,2.08 s,7.47 s,9.39 s
2026-09-11 02:18:30,1.81 s,5.76 s,14.8 s
2026-09-11 02:19:00,1.68 s,5.38 s,14.9 s
2026-09-11 02:19:30,1.41 s,4.77 s,5.76 s
2026-09-11 02:20:00,1.68 s,5.74 s,7.47 s
2026-09-11 02:20:30,2.14 s,6.63 s,8.78 s
2026-09-11 02:21:00,2.29 s,6.90 s,8.94 s
2026-09-11 02:21:30,1.67 s,5.80 s,7.48 s
2026-09-11 02:22:00,1.19 s,3.72 s,5.46 s
2026-09-11 02:22:30,1.33 s,4.65 s,5.73 s
2026-09-11 02:23:00,1.57 s,5.21 s,5.84 s
2026-09-11 02:23:30,1.57 s,5.40 s,5.88 s
2026-09-11 02:24:00,1.70 s,5.82 s,7.49 s
2026-09-11 02:24:30,1.68 s,5.68 s,7.44 s
2026-09-11 02:25:00,1.46 s,5.03 s,9.02 s
2026-09-11 02:25:30,1.92 s,5.87 s,9.02 s
2026-09-11 02:26:00,2.11 s,5.72 s,7.10 s
2026-09-11 02:26:30,1.75 s,5.56 s,7.16 s
2026-09-11 02:27:00,1.91 s,6.27 s,7.65 s
2026-09-11 02:27:30,1.74 s,6.87 s,8.92 s
2026-09-11 02:28:00,1.78 s,6.50 s,9.45 s
2026-09-11 02:28:30,2.17 s,6.50 s,9.45 s
2026-09-11 02:29:00,2.45 s,7.28 s,8.88 s
2026-09-11 02:29:30,1.80 s,6.32 s,7.66 s
2026-09-11 02:30:00,1.57 s,6 s,7.60 s
2026-09-11 02:30:30,2.33 s,7.33 s,15.3 s
2026-09-11 02:31:00,1.87 s,5.83 s,15.0 s
2026-09-11 02:31:30,1.48 s,5.76 s,7.48 s
2026-09-11 02:32:00,1.61 s,6.37 s,7.67 s
2026-09-11 02:32:30,1.65 s,5.63 s,7.49 s
2026-09-11 02:33:00,1.97 s,6.37 s,7.67 s
2026-09-11 02:33:30,2.18 s,7.80 s,9.52 s
2026-09-11 02:34:00,2.01 s,8 s,9.60 s
2026-09-11 02:34:30,1.97 s,8.07 s,9.61 s
2026-09-11 02:35:00,2.14 s,8.45 s,14.9 s
2026-09-11 02:35:30,1.95 s,5.42 s,14.5 s
2026-09-11 02:36:00,1.66 s,5.19 s,5.84 s
2026-09-11 02:36:30,1.48 s,5.30 s,6.90 s
2026-09-11 02:37:00,1.40 s,5.60 s,7.52 s
2026-09-11 02:37:30,2.34 s,8.90 s,9.78 s
2026-09-11 02:38:00,2.16 s,8.75 s,9.75 s
2026-09-11 02:38:30,1.20 s,3.05 s,4.84 s
2026-09-11 02:39:00,1.24 s,3.62 s,5.41 s
2026-09-11 02:39:30,1.22 s,3.74 s,5.47 s
2026-09-11 02:40:00,1.39 s,5.03 s,7.02 s
2026-09-11 02:40:30,1.56 s,5.75 s,7.50 s
2026-09-11 02:41:00,1.30 s,4.80 s,6.88 s
2026-09-11 02:41:30,1.34 s,4.15 s,8.86 s
2026-09-11 02:42:00,1.62 s,6.60 s,9.46 s
2026-09-11 02:42:30,1.33 s,5.15 s,8.86 s
2026-09-11 02:43:00,1.44 s,5.80 s,7.54 s
2026-09-11 02:43:30,2.05 s,5.96 s,7.57 s
2026-09-11 02:44:00,1.72 s,5.72 s,7.43 s
2026-09-11 02:44:30,1.54 s,6.03 s,7.61 s
2026-09-11 02:45:00,1.76 s,6.17 s,7.63 s
2026-09-11 02:45:30,2.39 s,7.29 s,7.86 s
2026-09-11 02:46:00,2.54 s,7.36 s,7.87 s
2026-09-11 02:46:30,1.72 s,5.98 s,7.59 s
2026-09-11 02:47:00,1.46 s,4.90 s,6.72 s
2026-09-11 02:47:30,1.72 s,6.13 s,7.63 s
2026-09-11 02:48:00,1.97 s,6.20 s,7.64 s
2026-09-11 02:48:30,2.10 s,6.62 s,7.73 s
2026-09-11 02:49:00,1.89 s,6.77 s,7.76 s
2026-09-11 02:49:30,1.85 s,5.89 s,7.52 s
2026-09-11 02:50:00,1.89 s,5.86 s,7.47 s
2026-09-11 02:50:30,1.57 s,5.60 s,7.44 s
2026-09-11 02:51:00,1.97 s,7.77 s,9.53 s
2026-09-11 02:51:30,2.56 s,8.57 s,9.71 s
2026-09-11 02:52:00,2.41 s,8.30 s,17.1 s
2026-09-11 02:52:30,1.95 s,5.80 s,17.0 s
2026-09-11 02:53:00,1.45 s,5.19 s,5.84 s
2026-09-11 02:53:30,1.96 s,5.86 s,7.47 s
2026-09-11 02:54:00,2.22 s,6.40 s,7.68 s
2026-09-11 02:54:30,2.15 s,6.63 s,7.73 s
2026-09-11 02:55:00,2.01 s,6.43 s,7.69 s
2026-09-11 02:55:30,1.45 s,5.20 s,7.12 s
2026-09-11 02:56:00,1.28 s,4.60 s,7.04 s
2026-09-11 02:56:30,1.27 s,3.59 s,5.02 s
2026-09-11 02:57:00,1.40 s,4.87 s,6.92 s
2026-09-11 02:57:30,1.61 s,6.43 s,7.69 s
2026-09-11 02:58:00,1.77 s,5.78 s,7.49 s
2026-09-11 02:58:30,1.42 s,4.58 s,5.72 s
2026-09-11 02:59:00,1.35 s,4.38 s,5.68 s
2026-09-11 02:59:30,1.79 s,6.47 s,7.70 s
2026-09-11 03:00:00,2.04 s,6.87 s,7.77 s
2026-09-11 03:00:30,1.89 s,5.36 s,5.87 s
2026-09-11 03:01:00,1.98 s,5.84 s,7.49 s
2026-09-11 03:01:30,1.95 s,7.33 s,9.06 s
2026-09-11 03:02:00,2.63 s,8.60 s,15.2 s
2026-09-11 03:02:30,2.31 s,8.05 s,14.1 s
2026-09-11 03:03:00,2.18 s,7.28 s,8.88 s
2026-09-11 03:03:30,1.96 s,6.62 s,7.73 s
2026-09-11 03:04:00,1.95 s,6.55 s,7.71 s
2026-09-11 03:04:30,2.45 s,6.58 s,7.72 s
2026-09-11 03:05:00,1.89 s,5.83 s,7.45 s
2026-09-11 03:05:30,1.64 s,7.15 s,8.92 s
2026-09-11 03:06:00,1.58 s,5.93 s,8.76 s
2026-09-11 03:06:30,1.72 s,5.72 s,7.43 s
2026-09-11 03:07:00,1.78 s,6.43 s,7.69 s
2026-09-11 03:07:30,1.89 s,7.20 s,8.96 s
2026-09-11 03:08:00,1.83 s,6.87 s,8.92 s
2026-09-11 03:08:30,2.32 s,8.45 s,14.9 s
2026-09-11 03:09:00,2.29 s,8.45 s,14.9 s
2026-09-11 03:09:30,1.35 s,4.70 s,5.74 s
2026-09-11 03:10:00,1.65 s,5.63 s,7.45 s
2026-09-11 03:10:30,1.70 s,6.73 s,8.84 s
2026-09-11 03:11:00,1.92 s,7.15 s,8.92 s
2026-09-11 03:11:30,1.92 s,6.23 s,7.65 s
2026-09-11 03:12:00,1.43 s,4.96 s,5.79 s
2026-09-11 03:12:30,1.25 s,3.57 s,5.00 s
2026-09-11 03:13:00,1.40 s,4.67 s,5.74 s
2026-09-11 03:13:30,1.52 s,4.98 s,5.80 s
2026-09-11 03:14:00,1.62 s,5.48 s,7.08 s
2026-09-11 03:14:30,1.56 s,5.47 s,6.96 s
2026-09-11 03:15:00,1.36 s,4.77 s,14.3 s
2026-09-11 03:15:30,1.49 s,3.89 s,15.1 s
2026-09-11 03:16:00,1.72 s,6.17 s,7.63 s
2026-09-11 03:16:30,1.66 s,6 s,7.60 s
2026-09-11 03:17:00,1.76 s,5.80 s,8.96 s
2026-09-11 03:17:30,1.63 s,5.97 s,8.78 s
2026-09-11 03:18:00,1.50 s,5.75 s,8.70 s
2026-09-11 03:18:30,1.89 s,5.80 s,8.92 s
2026-09-11 03:19:00,1.88 s,5.89 s,7.52 s
2026-09-11 03:19:30,1.57 s,6.20 s,7.64 s
2026-09-11 03:20:00,1.55 s,5.30 s,6.76 s
2026-09-11 03:20:30,1.68 s,5.78 s,7.47 s
2026-09-11 03:21:00,1.83 s,5.83 s,7.50 s
2026-09-11 03:21:30,1.82 s,5.56 s,6.90 s
2026-09-11 03:22:00,1.90 s,5.84 s,7.46 s
2026-09-11 03:22:30,1.65 s,5.67 s,7.40 s
2026-09-11 03:23:00,1.62 s,5.97 s,7.59 s
2026-09-11 03:23:30,1.69 s,6.00 s,7.60 s
2026-09-11 03:24:00,1.51 s,5.56 s,7.38 s
2026-09-11 03:24:30,1.82 s,6.83 s,8.90 s
2026-09-11 03:25:00,2.27 s,8.43 s,9.69 s
2026-09-11 03:25:30,2.24 s,8.75 s,15.5 s
2026-09-11 03:26:00,1.75 s,5.47 s,14.3 s
2026-09-11 03:26:30,1.57 s,5.24 s,6.84 s
2026-09-11 03:27:00,2.35 s,6.80 s,7.76 s
2026-09-11 03:27:30,2.47 s,7.23 s,7.85 s
2026-09-11 03:28:00,1.98 s,6.50 s,7.70 s
2026-09-11 03:28:30,2.06 s,5.87 s,7.47 s
2026-09-11 03:29:00,1.86 s,5.85 s,7.51 s
2026-09-11 03:29:30,1.30 s,3.82 s,5.44 s
2026-09-11 03:30:00,1.28 s,3.76 s,6.86 s
2026-09-11 03:30:30,1.40 s,4.80 s,7.12 s
2026-09-11 03:31:00,1.58 s,5.48 s,7.18 s
2026-09-11 03:31:30,1.50 s,5.27 s,7.02 s
2026-09-11 03:32:00,1.39 s,4.23 s,5.65 s
2026-09-11 03:32:30,1.78 s,6.93 s,8.96 s
2026-09-11 03:33:00,2.32 s,7.44 s,9.04 s
2026-09-11 03:33:30,2.02 s,5.84 s,7.47 s
2026-09-11 03:34:00,2.04 s,5.72 s,7.43 s
2026-09-11 03:34:30,1.86 s,5.90 s,7.58 s
2026-09-11 03:35:00,1.87 s,6.13 s,7.63 s
2026-09-11 03:35:30,2.30 s,6.40 s,7.68 s
2026-09-11 03:36:00,2.01 s,6.70 s,7.74 s
2026-09-11 03:36:30,1.96 s,7.18 s,7.84 s
2026-09-11 03:37:00,1.80 s,6.40 s,7.68 s
2026-09-11 03:37:30,2.29 s,7.00 s,7.80 s
2026-09-11 03:38:00,2.48 s,7.24 s,7.85 s
2026-09-11 03:38:30,1.74 s,5.82 s,7.49 s
2026-09-11 03:39:00,1.75 s,6.87 s,8.92 s
2026-09-11 03:39:30,1.59 s,6.70 s,8.82 s
2026-09-11 03:40:00,1.49 s,5.62 s,7.41 s
2026-09-11 03:40:30,1.94 s,7.02 s,7.80 s
2026-09-11 03:41:00,1.88 s,6.88 s,7.78 s
2026-09-11 03:41:30,1.74 s,5.72 s,8.92 s
2026-09-11 03:42:00,1.97 s,8.40 s,9.68 s
2026-09-11 03:42:30,2.46 s,8.45 s,14.9 s
2026-09-11 03:43:00,2.06 s,5.65 s,14.5 s
2026-09-11 03:43:30,1.88 s,6.33 s,7.67 s
2026-09-11 03:44:00,2.00 s,6.87 s,7.77 s
2026-09-11 03:44:30,2.03 s,6.30 s,7.66 s
2026-09-11 03:45:00,1.68 s,5.63 s,7.38 s
2026-09-11 03:45:30,1.36 s,4.03 s,5.61 s
2026-09-11 03:46:00,1.35 s,3.75 s,5.40 s
2026-09-11 03:46:30,1.26 s,3.70 s,5.36 s
2026-09-11 03:47:00,1.64 s,5.32 s,6.92 s
2026-09-11 03:47:30,2.39 s,6.90 s,7.78 s
2026-09-11 03:48:00,1.68 s,6.37 s,7.67 s
2026-09-11 03:48:30,1.05 s,3.53 s,5.46 s
2026-09-11 03:49:00,1.66 s,5.82 s,8.98 s
2026-09-11 03:49:30,2.27 s,7.65 s,9.53 s
2026-09-11 03:50:00,1.88 s,5.86 s,9.06 s
2026-09-11 03:50:30,1.79 s,6.40 s,8.96 s
2026-09-11 03:51:00,1.97 s,7.30 s,8.90 s
2026-09-11 03:51:30,2.51 s,6.98 s,7.80 s
2026-09-11 03:52:00,2.53 s,6.90 s,7.78 s
2026-09-11 03:52:30,2.04 s,6.84 s,7.77 s
2026-09-11 03:53:00,1.51 s,5.66 s,7.43 s
2026-09-11 03:53:30,1.68 s,5.50 s,7.40 s
2026-09-11 03:54:00,1.82 s,5.76 s,7.43 s
2026-09-11 03:54:30,1.52 s,5.54 s,6.96 s
2026-09-11 03:55:00,1.70 s,6.23 s,7.65 s
2026-09-11 03:55:30,1.57 s,6 s,7.60 s
2026-09-11 03:56:00,1.73 s,5.68 s,7.41 s
2026-09-11 03:56:30,1.54 s,5.67 s,7.47 s
2026-09-11 03:57:00,1.58 s,6.83 s,8.90 s
2026-09-11 03:57:30,2.28 s,8.13 s,9.63 s
2026-09-11 03:58:00,2.56 s,9.32 s,14.6 s
2026-09-11 03:58:30,2.05 s,8.77 s,14.3 s
2026-09-11 03:59:00,1.68 s,5.36 s,5.87 s
2026-09-11 03:59:30,1.65 s,5.43 s,6.92 s
2026-09-11 04:00:00,1.77 s,5.67 s,9.00 s
2026-09-11 04:00:30,2.09 s,6.87 s,8.92 s
2026-09-11 04:01:00,1.99 s,6.55 s,7.71 s
2026-09-11 04:01:30,1.56 s,5.46 s,7.06 s
2026-09-11 04:02:00,1.17 s,3.70 s,5.45 s
2026-09-11 04:02:30,1.32 s,4.32 s,5.66 s
2026-09-11 04:03:00,1.69 s,5.73 s,7.41 s
2026-09-11 04:03:30,1.58 s,5.73 s,7.41 s
2026-09-11 04:04:00,1.12 s,4.07 s,5.61 s
2026-09-11 04:04:30,1.37 s,5.50 s,7.50 s
2026-09-11 04:05:00,1.71 s,6.77 s,7.76 s
2026-09-11 04:05:30,1.61 s,5.76 s,7.48 s
2026-09-11 04:06:00,1.71 s,5.82 s,7.51 s
2026-09-11 04:06:30,1.53 s,5.30 s,7.46 s
2026-09-11 04:07:00,1.76 s,6.25 s,8.90 s
2026-09-11 04:07:30,2.12 s,7.03 s,9.02 s
2026-09-11 04:08:00,1.70 s,6.13 s,7.63 s
2026-09-11 04:08:30,1.50 s,6.07 s,7.61 s
2026-09-11 04:09:00,1.56 s,5.05 s,6.84 s
2026-09-11 04:09:30,1.76 s,5.68 s,7.44 s
2026-09-11 04:10:00,1.85 s,5.78 s,7.47 s
2026-09-11 04:10:30,1.98 s,5.47 s,5.89 s
2026-09-11 04:11:00,2.36 s,6.27 s,7.65 s
2026-09-11 04:11:30,1.84 s,6.47 s,7.69 s
2026-09-11 04:12:00,1.16 s,3.70 s,5.54 s
2026-09-11 04:12:30,1.74 s,6.10 s,7.62 s
2026-09-11 04:13:00,1.80 s,6.65 s,7.73 s
2026-09-11 04:13:30,1.84 s,7.27 s,9.02 s
2026-09-11 04:14:00,2.39 s,8.30 s,9.66 s
2026-09-11 04:14:30,2.43 s,9.40 s,17.1 s
2026-09-11 04:15:00,1.89 s,6 s,17.0 s
2026-09-11 04:15:30,1.27 s,4.76 s,5.75 s
2026-09-11 04:16:00,1.58 s,5.62 s,7.37 s
2026-09-11 04:16:30,2.05 s,6.98 s,7.80 s
2026-09-11 04:17:00,2.03 s,6.82 s,7.76 s
2026-09-11 04:17:30,1.59 s,5.75 s,7.50 s
2026-09-11 04:18:00,1.24 s,4.65 s,7.06 s
2026-09-11 04:18:30,1.18 s,3.82 s,5.49 s
2026-09-11 04:19:00,1.25 s,3.79 s,5.45 s
2026-09-11 04:19:30,1.38 s,5.00 s,5.80 s
2026-09-11 04:20:00,1.81 s,5.63 s,7.00 s
2026-09-11 04:20:30,1.54 s,5.24 s,6.84 s
2026-09-11 04:21:00,1.18 s,3.07 s,4.86 s
2026-09-11 04:21:30,1.79 s,6.35 s,8.94 s
2026-09-11 04:22:00,1.95 s,6.50 s,9.00 s
2026-09-11 04:22:30,2.05 s,5.57 s,7.08 s
2026-09-11 04:23:00,1.97 s,5.81 s,7.45 s
2026-09-11 04:23:30,1.65 s,6.37 s,7.67 s
2026-09-11 04:24:00,2.22 s,5.91 s,7.53 s
2026-09-11 04:24:30,1.99 s,5.81 s,7.47 s
2026-09-11 04:25:00,1.93 s,7.26 s,7.85 s
2026-09-11 04:25:30,1.79 s,6.98 s,7.80 s
2026-09-11 04:26:00,1.63 s,5.73 s,7.49 s
2026-09-11 04:26:30,2.09 s,6.55 s,7.71 s
2026-09-11 04:27:00,1.86 s,5.71 s,7.40 s
2026-09-11 04:27:30,1.92 s,7.15 s,9.43 s
2026-09-11 04:28:00,1.76 s,7.43 s,9.43 s
2026-09-11 04:28:30,1.63 s,5.77 s,7.46 s
2026-09-11 04:29:00,1.95 s,6.75 s,7.75 s
2026-09-11 04:29:30,1.53 s,6.80 s,7.76 s
2026-09-11 04:30:00,2.20 s,7.57 s,9.47 s
2026-09-11 04:30:30,2.56 s,8.57 s,13.7 s
2026-09-11 04:31:00,2.24 s,5.88 s,14.8 s
2026-09-11 04:31:30,1.81 s,5.34 s,5.87 s
2026-09-11 04:32:00,2.23 s,6.70 s,7.74 s
2026-09-11 04:32:30,2.50 s,7.02 s,7.80 s
2026-09-11 04:33:00,2.30 s,7 s,9.00 s
2026-09-11 04:33:30,2.04 s,6.25 s,8.90 s
2026-09-11 04:34:00,1.24 s,4.27 s,5.65 s
2026-09-11 04:34:30,1.22 s,3.25 s,5 s
2026-09-11 04:35:00,1.66 s,4.96 s,5.79 s
2026-09-11 04:35:30,1.73 s,5.33 s,5.87 s
2026-09-11 04:36:00,1.51 s,5.54 s,7.14 s
2026-09-11 04:36:30,1.62 s,5.44 s,7.04 s
2026-09-11 04:37:00,1.43 s,5.10 s,14.4 s
2026-09-11 04:37:30,1.53 s,5.60 s,14.4 s
2026-09-11 04:38:00,1.85 s,6.97 s,8.98 s
2026-09-11 04:38:30,2.01 s,6.27 s,7.65 s
2026-09-11 04:39:00,1.95 s,6.30 s,8.92 s
2026-09-11 04:39:30,1.92 s,7.10 s,8.88 s
2026-09-11 04:40:00,1.94 s,6.86 s,7.77 s
2026-09-11 04:40:30,2.06 s,6.60 s,7.72 s
2026-09-11 04:41:00,2.15 s,6.94 s,7.79 s
2026-09-11 04:41:30,2.03 s,6.65 s,7.73 s
2026-09-11 04:42:00,1.60 s,5.26 s,6.86 s
2026-09-11 04:42:30,1.72 s,5.67 s,7.50 s
2026-09-11 04:43:00,1.88 s,5.81 s,7.41 s
2026-09-11 04:43:30,1.79 s,6.07 s,7.61 s
2026-09-11 04:44:00,1.79 s,6.60 s,9.04 s
2026-09-11 04:44:30,1.50 s,5.03 s,8.82 s
2026-09-11 04:45:00,1.71 s,5.68 s,7.44 s
2026-09-11 04:45:30,1.99 s,6.58 s,7.72 s
2026-09-11 04:46:00,2.06 s,7.50 s,9.45 s
2026-09-11 04:46:30,1.90 s,8.40 s,9.68 s
2026-09-11 04:47:00,2.08 s,5.81 s,14.7 s
2026-09-11 04:47:30,2.00 s,5.59 s,14.7 s
2026-09-11 04:48:00,1.71 s,5.25 s,5.85 s
2026-09-11 04:48:30,1.95 s,5.60 s,9.04 s
2026-09-11 04:49:00,1.95 s,6.50 s,9.45 s
2026-09-11 04:49:30,2.25 s,7.25 s,9 s
2026-09-11 04:50:00,2.08 s,6.37 s,7.67 s
2026-09-11 04:50:30,1.64 s,5.32 s,6.92 s
2026-09-11 04:51:00,1.60 s,5.15 s,6.92 s
2026-09-11 04:51:30,1.30 s,3.77 s,5.44 s
2026-09-11 04:52:00,1.40 s,5.15 s,6.92 s
2026-09-11 04:52:30,1.71 s,5.87 s,7.52 s
2026-09-11 04:53:00,1.44 s,5.34 s,6.94 s
2026-09-11 04:53:30,1.38 s,4.80 s,5.76 s
2026-09-11 04:54:00,1.52 s,5.37 s,7.10 s
2026-09-11 04:54:30,1.82 s,6.23 s,7.65 s
2026-09-11 04:55:00,2.04 s,5.80 s,7.48 s
2026-09-11 04:55:30,1.80 s,5.47 s,6.96 s
2026-09-11 04:56:00,1.67 s,5.63 s,7.45 s
2026-09-11 04:56:30,1.85 s,6.80 s,8.88 s
2026-09-11 04:57:00,2.14 s,8.10 s,9.62 s
2026-09-11 04:57:30,2.15 s,6.60 s,9.46 s
2026-09-11 04:58:00,1.80 s,6.30 s,7.66 s
2026-09-11 04:58:30,1.93 s,6.92 s,7.78 s
2026-09-11 04:59:00,1.60 s,6.20 s,7.64 s
2026-09-11 04:59:30,1.57 s,6.27 s,7.65 s
2026-09-11 05:00:00,2.05 s,6.72 s,7.74 s
2026-09-11 05:00:30,1.69 s,5.84 s,7.52 s
2026-09-11 05:01:00,1.59 s,5.67 s,7.50 s
2026-09-11 05:01:30,1.61 s,5.55 s,7.42 s
2026-09-11 05:02:00,1.65 s,6.52 s,7.70 s
2026-09-11 05:02:30,1.67 s,6.35 s,7.67 s
2026-09-11 05:03:00,1.86 s,6.96 s,8.56 s
2026-09-11 05:03:30,2.42 s,9.15 s,17.1 s
2026-09-11 05:04:00,1.94 s,8.30 s,17.2 s
2026-09-11 05:04:30,1.44 s,5.38 s,6.86 s
2026-09-11 05:05:00,1.33 s,5.30 s,7.04 s
2026-09-11 05:05:30,1.74 s,5.80 s,7.46 s
2026-09-11 05:06:00,2.66 s,14.1 s,18.8 s
2026-09-11 05:06:30,3.04 s,15.5 s,19.1 s
2026-09-11 05:07:00,1.95 s,6.20 s,14.4 s
2026-09-11 05:07:30,1.42 s,4.87 s,6.92 s
2026-09-11 05:08:00,1.45 s,5.05 s,6.84 s
2026-09-11 05:08:30,1.56 s,5.24 s,6.84 s
2026-09-11 05:09:00,1.73 s,5.18 s,5.84 s
2026-09-11 05:09:30,1.97 s,5.66 s,6.98 s
2026-09-11 05:10:00,1.70 s,5.62 s,6.92 s
2026-09-11 05:10:30,1.70 s,5.77 s,17.5 s
2026-09-11 05:11:00,1.82 s,6.90 s,17.4 s
2026-09-11 05:11:30,1.81 s,5.86 s,7.49 s
2026-09-11 05:12:00,1.72 s,5.61 s,6.98 s
2026-09-11 05:12:30,1.98 s,5.84 s,7.47 s
2026-09-11 05:13:00,1.81 s,5.74 s,7.47 s
2026-09-11 05:13:30,2.04 s,6.30 s,7.66 s
2026-09-11 05:14:00,2.62 s,7.26 s,7.85 s
2026-09-11 05:14:30,2.41 s,7.13 s,7.83 s
2026-09-11 05:15:00,1.98 s,5.86 s,7.50 s
2026-09-11 05:15:30,1.39 s,4.23 s,5.65 s
2026-09-11 05:16:00,1.67 s,6.40 s,7.68 s
2026-09-11 05:16:30,2.02 s,6.70 s,7.74 s
2026-09-11 05:17:00,1.86 s,5.88 s,7.49 s
2026-09-11 05:17:30,1.66 s,6.97 s,8.98 s
2026-09-11 05:18:00,1.66 s,6.77 s,8.86 s
2026-09-11 05:18:30,1.63 s,5.34 s,6.94 s
2026-09-11 05:19:00,1.71 s,5.82 s,7.49 s
2026-09-11 05:19:30,1.84 s,6.60 s,9.04 s
2026-09-11 05:20:00,2.06 s,7.67 s,9.47 s
2026-09-11 05:20:30,2.37 s,7.68 s,9.44 s
2026-09-11 05:21:00,2.13 s,6.20 s,14.2 s
2026-09-11 05:21:30,1.61 s,5.40 s,13.8 s
2026-09-11 05:22:00,1.63 s,5.46 s,6.84 s
2026-09-11 05:22:30,2.16 s,6.65 s,7.73 s
2026-09-11 05:23:00,2.33 s,6.43 s,7.69 s
2026-09-11 05:23:30,1.71 s,5.61 s,7.06 s
2026-09-11 05:24:00,1.12 s,4.25 s,6.90 s
2026-09-11 05:24:30,1.10 s,3.28 s,4.88 s
2026-09-11 05:25:00,1.16 s,4.10 s,5.62 s
2026-09-11 05:25:30,1.61 s,5.56 s,6.90 s
2026-09-11 05:26:00,1.93 s,5.66 s,7.06 s
2026-09-11 05:26:30,1.48 s,4.80 s,5.76 s
2026-09-11 05:27:00,1.36 s,4.70 s,7.34 s
2026-09-11 05:27:30,2.01 s,7.21 s,7.84 s
2026-09-11 05:28:00,1.90 s,6.94 s,7.79 s
2026-09-11 05:28:30,1.48 s,4.75 s,5.75 s
2026-09-11 05:29:00,1.71 s,5.45 s,6.94 s
2026-09-11 05:29:30,1.72 s,6.90 s,8.94 s
2026-09-11 05:30:00,2.31 s,8.30 s,9.66 s
2026-09-11 05:30:30,2.13 s,7.43 s,9.43 s
2026-09-11 05:31:00,1.92 s,6.78 s,7.76 s
2026-09-11 05:31:30,2.22 s,7.57 s,17.3 s
2026-09-11 05:32:00,1.80 s,6.70 s,17.3 s
2026-09-11 05:32:30,1.86 s,6.10 s,7.62 s
2026-09-11 05:33:00,2.36 s,6.67 s,7.74 s
2026-09-11 05:33:30,2.12 s,7.12 s,7.82 s
2026-09-11 05:34:00,2.12 s,7.30 s,7.86 s
2026-09-11 05:34:30,1.99 s,6.65 s,7.73 s
2026-09-11 05:35:00,1.98 s,6.40 s,7.68 s
2026-09-11 05:35:30,1.73 s,6.70 s,7.74 s
2026-09-11 05:36:00,1.82 s,7.34 s,8.94 s
2026-09-11 05:36:30,2.21 s,7.73 s,9.49 s
2026-09-11 05:37:00,2.36 s,8.65 s,15.3 s
2026-09-11 05:37:30,2.10 s,5.85 s,15.1 s
2026-09-11 05:38:00,1.37 s,4.78 s,5.76 s
2026-09-11 05:38:30,1.32 s,4.92 s,6.74 s
2026-09-11 05:39:00,1.80 s,5.79 s,7.45 s
2026-09-11 05:39:30,2.40 s,7.55 s,17.6 s
2026-09-11 05:40:00,2.11 s,6.80 s,17.4 s
2026-09-11 05:40:30,1.70 s,5.27 s,7.02 s
2026-09-11 05:41:00,1.47 s,3.92 s,7.06 s
2026-09-11 05:41:30,1.28 s,3.58 s,4.84 s
2026-09-11 05:42:00,1.37 s,4.17 s,5.63 s
2026-09-11 05:42:30,1.75 s,5.28 s,5.86 s
2026-09-11 05:43:00,1.45 s,5.00 s,5.80 s
2026-09-11 05:43:30,1.38 s,5.00 s,7.40 s
2026-09-11 05:44:00,1.37 s,4.00 s,7.40 s
2026-09-11 05:44:30,1.78 s,6.07 s,7.61 s
2026-09-11 05:45:00,2.00 s,6.55 s,7.71 s
2026-09-11 05:45:30,1.71 s,5.73 s,7.49 s
2026-09-11 05:46:00,1.76 s,5.84 s,7.52 s
2026-09-11 05:46:30,1.96 s,7.10 s,9.06 s
2026-09-11 05:47:00,2.48 s,7.92 s,9.56 s
2026-09-11 05:47:30,2.28 s,7.30 s,8.90 s
2026-09-11 05:48:00,2.27 s,6.94 s,7.79 s
2026-09-11 05:48:30,1.76 s,6.43 s,7.69 s
2026-09-11 05:49:00,1.75 s,6.37 s,7.67 s
2026-09-11 05:49:30,2.06 s,6.20 s,7.64 s
2026-09-11 05:50:00,2.10 s,5.85 s,7.48 s
2026-09-11 05:50:30,2.19 s,6.27 s,7.65 s
2026-09-11 05:51:00,1.85 s,5.56 s,6.90 s
2026-09-11 05:51:30,1.53 s,5.60 s,7.48 s
2026-09-11 05:52:00,1.42 s,5.63 s,7.49 s
2026-09-11 05:52:30,1.61 s,5.73 s,8.98 s
2026-09-11 05:53:00,2.08 s,7 s,9.00 s
2026-09-11 05:53:30,2.39 s,8.60 s,15.2 s
2026-09-11 05:54:00,2.08 s,8.87 s,14.6 s
2026-09-11 05:54:30,1.56 s,5.23 s,8.98 s
2026-09-11 05:55:00,1.31 s,4.70 s,5.74 s
2026-09-11 05:55:30,1.72 s,5.51 s,6.92 s
2026-09-11 05:56:00,2.60 s,6.72 s,7.74 s
2026-09-11 05:56:30,2.30 s,6.94 s,7.79 s
2026-09-11 05:57:00,1.64 s,6.37 s,7.67 s
2026-09-11 05:57:30,1.36 s,4.80 s,7.12 s
2026-09-11 05:58:00,1.38 s,3.87 s,5.50 s
2026-09-11 05:58:30,1.57 s,4.20 s,5.64 s
2026-09-11 05:59:00,1.57 s,5.22 s,6.98 s
2026-09-11 05:59:30,1.82 s,5.92 s,7.55 s
2026-09-11 06:00:00,1.93 s,6.57 s,7.71 s