"Time","P99 spark-x2.5-1.7b-test","P95 spark-x2.5-1.7b-test","P90 spark-x2.5-1.7b-test","P50 spark-x2.5-1.7b-test"
2026-09-10 12:00:00,90 ms,50 ms,48 ms,34 ms
2026-09-10 12:00:30,90 ms,50 ms,48 ms,36 ms
2026-09-10 12:01:00,190 ms,50 ms,49 ms,37 ms
2026-09-10 12:01:30,195 ms,57 ms,48 ms,34 ms
2026-09-10 12:02:00,82 ms,49 ms,48 ms,34 ms
2026-09-10 12:02:30,196 ms,60 ms,49 ms,36 ms
2026-09-10 12:03:00,190 ms,49 ms,48 ms,34 ms
2026-09-10 12:03:30,50 ms,49 ms,47 ms,36 ms
2026-09-10 12:04:00,66 ms,49 ms,47 ms,34 ms
2026-09-10 12:04:30,55 ms,49 ms,47 ms,31 ms
2026-09-10 12:05:00,88 ms,50 ms,48 ms,33 ms
2026-09-10 12:05:30,93 ms,63 ms,49 ms,35 ms
2026-09-10 12:06:00,179 ms,50 ms,48 ms,36 ms
2026-09-10 12:06:30,186 ms,49 ms,48 ms,34 ms
2026-09-10 12:07:00,197 ms,63 ms,48 ms,34 ms
2026-09-10 12:07:30,199 ms,65 ms,49 ms,36 ms
2026-09-10 12:08:00,80 ms,49 ms,48 ms,35 ms
2026-09-10 12:08:30,83 ms,49 ms,48 ms,36 ms
2026-09-10 12:09:00,50 ms,48 ms,47 ms,33 ms
2026-09-10 12:09:30,50 ms,48 ms,46 ms,31 ms
2026-09-10 12:10:00,86 ms,50 ms,48 ms,34 ms
2026-09-10 12:10:30,85 ms,49 ms,48 ms,34 ms
2026-09-10 12:11:00,88 ms,50 ms,48 ms,36 ms
2026-09-10 12:11:30,89 ms,50 ms,48 ms,35 ms
2026-09-10 12:12:00,197 ms,49 ms,48 ms,35 ms
2026-09-10 12:12:30,196 ms,49 ms,48 ms,34 ms
2026-09-10 12:13:00,50 ms,48 ms,47 ms,35 ms
2026-09-10 12:13:30,80 ms,49 ms,48 ms,36 ms
2026-09-10 12:14:00,83 ms,49 ms,47 ms,31 ms
2026-09-10 12:14:30,79 ms,49 ms,47 ms,31 ms
2026-09-10 12:15:00,94 ms,70 ms,49 ms,35 ms
2026-09-10 12:15:30,93 ms,63 ms,49 ms,36 ms
2026-09-10 12:16:00,80 ms,49 ms,48 ms,36 ms
2026-09-10 12:16:30,91 ms,54 ms,48 ms,34 ms
2026-09-10 12:17:00,83 ms,49 ms,48 ms,35 ms
2026-09-10 12:17:30,50 ms,48 ms,47 ms,35 ms
2026-09-10 12:18:00,89 ms,50 ms,48 ms,36 ms
2026-09-10 12:18:30,89 ms,50 ms,48 ms,36 ms
2026-09-10 12:19:00,50 ms,48 ms,46 ms,32 ms
2026-09-10 12:19:30,50 ms,48 ms,46 ms,31 ms
2026-09-10 12:20:00,88 ms,50 ms,48 ms,34 ms
2026-09-10 12:20:30,89 ms,50 ms,48 ms,35 ms
2026-09-10 12:21:00,50 ms,49 ms,47 ms,35 ms
2026-09-10 12:21:30,80 ms,49 ms,48 ms,34 ms
2026-09-10 12:22:00,80 ms,49 ms,48 ms,34 ms
2026-09-10 12:22:30,50 ms,48 ms,47 ms,34 ms
2026-09-10 12:23:00,79 ms,49 ms,48 ms,36 ms
2026-09-10 12:23:30,80 ms,49 ms,48 ms,35 ms
2026-09-10 12:24:00,79 ms,49 ms,47 ms,33 ms
2026-09-10 12:24:30,89 ms,50 ms,48 ms,34 ms
2026-09-10 12:25:00,90 ms,50 ms,48 ms,35 ms
2026-09-10 12:25:30,82 ms,49 ms,48 ms,35 ms
2026-09-10 12:26:00,50 ms,48 ms,47 ms,34 ms
2026-09-10 12:26:30,50 ms,48 ms,47 ms,34 ms
2026-09-10 12:27:00,196 ms,49 ms,48 ms,35 ms
2026-09-10 12:27:30,187 ms,49 ms,48 ms,34 ms
2026-09-10 12:28:00,50 ms,49 ms,47 ms,36 ms
2026-09-10 12:28:30,78 ms,49 ms,47 ms,34 ms
2026-09-10 12:29:00,77 ms,49 ms,47 ms,32 ms
2026-09-10 12:29:30,93 ms,63 ms,49 ms,34 ms
2026-09-10 12:30:00,92 ms,62 ms,49 ms,35 ms
2026-09-10 12:30:30,50 ms,49 ms,47 ms,36 ms
2026-09-10 12:31:00,50 ms,48 ms,47 ms,34 ms
2026-09-10 12:31:30,50 ms,48 ms,47 ms,34 ms
2026-09-10 12:32:00,50 ms,48 ms,47 ms,34 ms
2026-09-10 12:32:30,50 ms,48 ms,47 ms,34 ms
2026-09-10 12:33:00,79 ms,49 ms,48 ms,36 ms
2026-09-10 12:33:30,90 ms,50 ms,48 ms,33 ms
2026-09-10 12:34:00,88 ms,50 ms,48 ms,33 ms
2026-09-10 12:34:30,75 ms,49 ms,47 ms,34 ms
2026-09-10 12:35:00,50 ms,48 ms,47 ms,35 ms
2026-09-10 12:35:30,50 ms,48 ms,47 ms,34 ms
2026-09-10 12:36:00,50 ms,48 ms,47 ms,34 ms
2026-09-10 12:36:30,50 ms,48 ms,47 ms,35 ms
2026-09-10 12:37:00,50 ms,48 ms,47 ms,34 ms
2026-09-10 12:37:30,50 ms,49 ms,47 ms,36 ms
2026-09-10 12:38:00,50 ms,48 ms,47 ms,34 ms
2026-09-10 12:38:30,50 ms,48 ms,46 ms,31 ms
2026-09-10 12:39:00,94 ms,72 ms,50 ms,35 ms
2026-09-10 12:39:30,95 ms,77 ms,53 ms,37 ms
2026-09-10 12:40:00,79 ms,49 ms,48 ms,36 ms
2026-09-10 12:40:30,50 ms,48 ms,47 ms,33 ms
2026-09-10 12:41:00,50 ms,48 ms,47 ms,34 ms
2026-09-10 12:41:30,197 ms,49 ms,48 ms,36 ms
2026-09-10 12:42:00,191 ms,49 ms,48 ms,34 ms
2026-09-10 12:42:30,50 ms,49 ms,47 ms,35 ms
2026-09-10 12:43:00,50 ms,48 ms,47 ms,35 ms
2026-09-10 12:43:30,50 ms,48 ms,46 ms,31 ms
2026-09-10 12:44:00,78 ms,49 ms,47 ms,33 ms
2026-09-10 12:44:30,79 ms,49 ms,48 ms,34 ms
2026-09-10 12:45:00,50 ms,48 ms,47 ms,34 ms
2026-09-10 12:45:30,79 ms,49 ms,48 ms,35 ms
2026-09-10 12:46:00,82 ms,49 ms,48 ms,34 ms
2026-09-10 12:46:30,195 ms,49 ms,48 ms,35 ms
2026-09-10 12:47:00,182 ms,50 ms,48 ms,34 ms
2026-09-10 12:47:30,79 ms,49 ms,48 ms,36 ms
2026-09-10 12:48:00,50 ms,48 ms,47 ms,33 ms
2026-09-10 12:48:30,50 ms,48 ms,46 ms,30 ms
2026-09-10 12:49:00,79 ms,49 ms,47 ms,34 ms
2026-09-10 12:49:30,86 ms,50 ms,48 ms,34 ms
2026-09-10 12:50:00,56 ms,49 ms,47 ms,36 ms
2026-09-10 12:50:30,77 ms,49 ms,48 ms,35 ms
2026-09-10 12:51:00,82 ms,49 ms,48 ms,34 ms
2026-09-10 12:51:30,92 ms,59 ms,49 ms,36 ms
2026-09-10 12:52:00,90 ms,50 ms,48 ms,35 ms
2026-09-10 12:52:30,79 ms,49 ms,48 ms,36 ms
2026-09-10 12:53:00,455 ms,275 ms,50 ms,34 ms
2026-09-10 12:53:30,489 ms,445 ms,391 ms,27 ms
2026-09-10 12:54:00,494 ms,472 ms,443 ms,83 ms
2026-09-10 12:54:30,495 ms,476 ms,451 ms,257 ms
2026-09-10 12:55:00,492 ms,462 ms,425 ms,42 ms
2026-09-10 12:55:30,493 ms,463 ms,425 ms,50 ms
2026-09-10 12:56:00,494 ms,469 ms,438 ms,50 ms
2026-09-10 12:56:30,493 ms,466 ms,432 ms,24 ms
2026-09-10 12:57:00,492 ms,461 ms,422 ms,38 ms
2026-09-10 12:57:30,491 ms,455 ms,411 ms,34 ms
2026-09-10 12:58:00,490 ms,448 ms,396 ms,22 ms
2026-09-10 12:58:30,494 ms,468 ms,436 ms,54 ms
2026-09-10 12:59:00,495 ms,473 ms,446 ms,175 ms
2026-09-10 12:59:30,484 ms,420 ms,340 ms,23 ms
2026-09-10 13:00:00,486 ms,429 ms,358 ms,22 ms
2026-09-10 13:00:30,492 ms,458 ms,417 ms,24 ms
2026-09-10 13:01:00,835 ms,484 ms,443 ms,63 ms
2026-09-10 13:01:30,825 ms,483 ms,443 ms,58 ms
2026-09-10 13:02:00,493 ms,467 ms,434 ms,65 ms
2026-09-10 13:02:30,495 ms,474 ms,448 ms,175 ms
2026-09-10 13:03:00,493 ms,465 ms,430 ms,58 ms
2026-09-10 13:03:30,485 ms,425 ms,350 ms,23 ms
2026-09-10 13:04:00,488 ms,442 ms,383 ms,22 ms
2026-09-10 13:04:30,494 ms,469 ms,438 ms,24 ms
2026-09-10 13:05:00,495 ms,473 ms,447 ms,50 ms
2026-09-10 13:05:30,493 ms,467 ms,433 ms,50 ms
2026-09-10 13:06:00,486 ms,429 ms,358 ms,23 ms
2026-09-10 13:06:30,491 ms,456 ms,411 ms,25 ms
2026-09-10 13:07:00,850 ms,490 ms,458 ms,44 ms
2026-09-10 13:07:30,840 ms,485 ms,445 ms,36 ms
2026-09-10 13:08:00,492 ms,461 ms,423 ms,43 ms
2026-09-10 13:08:30,493 ms,467 ms,433 ms,63 ms
2026-09-10 13:09:00,494 ms,471 ms,441 ms,85 ms
2026-09-10 13:09:30,495 ms,473 ms,446 ms,100 ms
2026-09-10 13:10:00,494 ms,468 ms,435 ms,38 ms
2026-09-10 13:10:30,492 ms,460 ms,419 ms,24 ms
2026-09-10 13:11:00,494 ms,468 ms,437 ms,58 ms
2026-09-10 13:11:30,493 ms,466 ms,432 ms,67 ms
2026-09-10 13:12:00,494 ms,471 ms,442 ms,24 ms
2026-09-10 13:12:30,493 ms,465 ms,429 ms,23 ms
2026-09-10 13:13:00,830 ms,487 ms,454 ms,75 ms
2026-09-10 13:13:30,912 ms,562 ms,478 ms,272 ms
2026-09-10 13:14:00,910 ms,550 ms,471 ms,42 ms
2026-09-10 13:14:30,845 ms,488 ms,452 ms,24 ms
2026-09-10 13:15:00,494 ms,470 ms,440 ms,88 ms
2026-09-10 13:15:30,494 ms,468 ms,437 ms,44 ms
2026-09-10 13:16:00,493 ms,466 ms,432 ms,24 ms
2026-09-10 13:16:30,488 ms,437 ms,375 ms,24 ms
2026-09-10 13:17:00,835 ms,477 ms,418 ms,59 ms
2026-09-10 13:17:30,850 ms,491 ms,464 ms,100 ms
2026-09-10 13:18:00,870 ms,495 ms,471 ms,286 ms
2026-09-10 13:18:30,845 ms,488 ms,452 ms,47 ms
2026-09-10 13:19:00,489 ms,446 ms,393 ms,25 ms
2026-09-10 13:19:30,493 ms,466 ms,431 ms,38 ms
2026-09-10 13:20:00,810 ms,483 ms,446 ms,50 ms
2026-09-10 13:20:30,830 ms,485 ms,450 ms,50 ms
2026-09-10 13:21:00,494 ms,471 ms,441 ms,81 ms
2026-09-10 13:21:30,493 ms,467 ms,434 ms,56 ms
2026-09-10 13:22:00,493 ms,467 ms,434 ms,38 ms
2026-09-10 13:22:30,492 ms,461 ms,422 ms,24 ms
2026-09-10 13:23:00,865 ms,485 ms,429 ms,21 ms
2026-09-10 13:23:30,835 ms,480 ms,428 ms,24 ms
2026-09-10 13:24:00,494 ms,471 ms,442 ms,88 ms
2026-09-10 13:24:30,496 ms,478 ms,457 ms,283 ms
2026-09-10 13:25:00,491 ms,456 ms,413 ms,24 ms
2026-09-10 13:25:30,820 ms,471 ms,407 ms,23 ms
2026-09-10 13:26:00,825 ms,483 ms,443 ms,29 ms
2026-09-10 13:26:30,830 ms,484 ms,445 ms,38 ms
2026-09-10 13:27:00,915 ms,575 ms,461 ms,40 ms
2026-09-10 13:27:30,845 ms,486 ms,448 ms,25 ms
2026-09-10 13:28:00,494 ms,468 ms,435 ms,46 ms
2026-09-10 13:28:30,494 ms,468 ms,435 ms,56 ms
2026-09-10 13:29:00,492 ms,458 ms,416 ms,21 ms
2026-09-10 13:29:30,490 ms,452 ms,403 ms,23 ms
2026-09-10 13:30:00,830 ms,488 ms,457 ms,90 ms
2026-09-10 13:30:30,925 ms,625 ms,484 ms,297 ms
2026-09-10 13:31:00,855 ms,491 ms,463 ms,94 ms
2026-09-10 13:31:30,491 ms,458 ms,415 ms,24 ms
2026-09-10 13:32:00,840 ms,487 ms,454 ms,50 ms
2026-09-10 13:32:30,917 ms,587 ms,481 ms,287 ms
2026-09-10 13:33:00,830 ms,488 ms,457 ms,83 ms
2026-09-10 13:33:30,855 ms,488 ms,447 ms,23 ms
2026-09-10 13:34:00,855 ms,490 ms,457 ms,38 ms
2026-09-10 13:34:30,494 ms,469 ms,438 ms,50 ms
2026-09-10 13:35:00,494 ms,470 ms,440 ms,38 ms
2026-09-10 13:35:30,489 ms,444 ms,388 ms,23 ms
2026-09-10 13:36:00,476 ms,379 ms,258 ms,21 ms
2026-09-10 13:36:30,840 ms,487 ms,454 ms,40 ms
2026-09-10 13:37:00,845 ms,490 ms,463 ms,175 ms
2026-09-10 13:37:30,493 ms,467 ms,434 ms,24 ms
2026-09-10 13:38:00,490 ms,451 ms,403 ms,23 ms
2026-09-10 13:38:30,830 ms,481 ms,433 ms,24 ms
2026-09-10 13:39:00,930 ms,650 ms,482 ms,25 ms
2026-09-10 13:39:30,840 ms,488 ms,458 ms,83 ms
2026-09-10 13:40:00,825 ms,486 ms,452 ms,46 ms
2026-09-10 13:40:30,840 ms,486 ms,450 ms,25 ms
2026-09-10 13:41:00,489 ms,443 ms,386 ms,23 ms
2026-09-10 13:41:30,491 ms,455 ms,409 ms,38 ms
2026-09-10 13:42:00,491 ms,455 ms,409 ms,64 ms
2026-09-10 13:42:30,492 ms,459 ms,418 ms,25 ms
2026-09-10 13:43:00,495 ms,476 ms,453 ms,265 ms
2026-09-10 13:43:30,855 ms,493 ms,470 ms,289 ms
2026-09-10 13:44:00,855 ms,490 ms,457 ms,85 ms
2026-09-10 13:44:30,490 ms,450 ms,400 ms,50 ms
2026-09-10 13:45:00,820 ms,483 ms,446 ms,100 ms
2026-09-10 13:45:30,943 ms,717 ms,491 ms,100 ms
2026-09-10 13:46:00,925 ms,625 ms,464 ms,33 ms
2026-09-10 13:46:30,493 ms,466 ms,432 ms,70 ms
2026-09-10 13:47:00,495 ms,475 ms,450 ms,100 ms
2026-09-10 13:47:30,491 ms,455 ms,409 ms,23 ms
2026-09-10 13:48:00,494 ms,471 ms,442 ms,100 ms
2026-09-10 13:48:30,495 ms,477 ms,455 ms,273 ms
2026-09-10 13:49:00,493 ms,466 ms,432 ms,30 ms
2026-09-10 13:49:30,494 ms,471 ms,442 ms,42 ms
2026-09-10 13:50:00,493 ms,467 ms,434 ms,38 ms
2026-09-10 13:50:30,489 ms,443 ms,386 ms,24 ms
2026-09-10 13:51:00,483 ms,417 ms,335 ms,22 ms
2026-09-10 13:51:30,493 ms,465 ms,430 ms,24 ms
2026-09-10 13:52:00,820 ms,489 ms,464 ms,264 ms
2026-09-10 13:52:30,830 ms,487 ms,454 ms,50 ms
2026-09-10 13:53:00,493 ms,465 ms,430 ms,25 ms
2026-09-10 13:53:30,495 ms,474 ms,448 ms,213 ms
2026-09-10 13:54:00,493 ms,464 ms,428 ms,28 ms
2026-09-10 13:54:30,490 ms,452 ms,404 ms,29 ms
2026-09-10 13:55:00,492 ms,461 ms,423 ms,25 ms
2026-09-10 13:55:30,488 ms,441 ms,382 ms,21 ms
2026-09-10 13:56:00,845 ms,485 ms,442 ms,23 ms
2026-09-10 13:56:30,860 ms,490 ms,455 ms,24 ms
2026-09-10 13:57:00,492 ms,461 ms,423 ms,55 ms
2026-09-10 13:57:30,492 ms,459 ms,418 ms,38 ms
2026-09-10 13:58:00,917 ms,587 ms,459 ms,23 ms
2026-09-10 13:58:30,942 ms,708 ms,490 ms,42 ms
2026-09-10 13:59:00,912 ms,562 ms,477 ms,258 ms
2026-09-10 13:59:30,840 ms,490 ms,463 ms,250 ms
2026-09-10 14:00:00,495 ms,473 ms,446 ms,175 ms
2026-09-10 14:00:30,493 ms,463 ms,425 ms,50 ms
2026-09-10 14:01:00,491 ms,453 ms,406 ms,25 ms
2026-09-10 14:01:30,490 ms,450 ms,400 ms,25 ms
2026-09-10 14:02:00,492 ms,458 ms,417 ms,50 ms
2026-09-10 14:07:30,495 ms,473 ms,446 ms,75 ms
2026-09-10 14:08:00,494 ms,472 ms,444 ms,75 ms
2026-09-10 14:08:30,495 ms,473 ms,446 ms,100 ms
2026-09-10 14:09:00,493 ms,463 ms,425 ms,71 ms
2026-09-10 14:09:30,492 ms,458 ms,417 ms,58 ms
2026-09-10 14:10:00,494 ms,468 ms,435 ms,81 ms
2026-09-10 14:10:30,835 ms,484 ms,443 ms,69 ms
2026-09-10 14:11:00,840 ms,485 ms,445 ms,79 ms
2026-09-10 14:11:30,855 ms,491 ms,463 ms,200 ms
2026-09-10 14:12:00,870 ms,494 ms,467 ms,25 ms
2026-09-10 14:12:30,493 ms,465 ms,430 ms,23 ms
2026-09-10 14:13:00,494 ms,472 ms,444 ms,88 ms
2026-09-10 14:13:30,493 ms,464 ms,428 ms,55 ms
2026-09-10 14:14:00,493 ms,465 ms,429 ms,63 ms
2026-09-10 14:14:30,805 ms,489 ms,467 ms,290 ms
2026-09-10 14:15:00,810 ms,489 ms,467 ms,286 ms
2026-09-10 14:15:30,493 ms,463 ms,425 ms,58 ms
2026-09-10 14:16:00,488 ms,439 ms,378 ms,23 ms
2026-09-10 14:16:30,492 ms,460 ms,421 ms,24 ms
2026-09-10 14:17:00,815 ms,488 ms,463 ms,257 ms
2026-09-10 14:17:30,825 ms,490 ms,467 ms,283 ms
2026-09-10 14:18:00,820 ms,487 ms,457 ms,83 ms
2026-09-10 14:18:30,815 ms,487 ms,458 ms,94 ms
2026-09-10 14:19:00,496 ms,479 ms,458 ms,289 ms
2026-09-10 14:19:30,496 ms,479 ms,457 ms,286 ms
2026-09-10 14:20:00,905 ms,525 ms,470 ms,175 ms
2026-09-10 14:20:30,917 ms,587 ms,468 ms,44 ms
2026-09-10 14:21:00,905 ms,525 ms,474 ms,100 ms
2026-09-10 14:21:30,902 ms,512 ms,472 ms,92 ms
2026-09-10 14:22:00,495 ms,473 ms,446 ms,138 ms
2026-09-10 14:22:30,494 ms,470 ms,440 ms,75 ms
2026-09-10 14:23:00,491 ms,454 ms,408 ms,38 ms
2026-09-10 14:23:30,492 ms,461 ms,421 ms,54 ms
2026-09-10 14:24:00,795 ms,485 ms,457 ms,88 ms
2026-09-10 14:24:30,810 ms,489 ms,467 ms,286 ms
2026-09-10 14:25:00,495 ms,476 ms,453 ms,263 ms
2026-09-10 14:25:30,495 ms,476 ms,453 ms,263 ms
2026-09-10 14:26:00,494 ms,470 ms,439 ms,100 ms
2026-09-10 14:26:30,493 ms,465 ms,431 ms,72 ms
2026-09-10 14:27:00,493 ms,465 ms,431 ms,75 ms
2026-09-10 14:27:30,491 ms,455 ms,410 ms,50 ms
2026-09-10 14:28:00,820 ms,489 ms,464 ms,264 ms
2026-09-10 14:28:30,815 ms,490 ms,468 ms,292 ms
2026-09-10 14:29:00,494 ms,469 ms,438 ms,38 ms
2026-09-10 14:29:30,492 ms,462 ms,423 ms,23 ms
2026-09-10 14:30:00,494 ms,472 ms,445 ms,90 ms
2026-09-10 14:30:30,800 ms,487 ms,461 ms,250 ms
2026-09-10 14:31:00,795 ms,485 ms,457 ms,205 ms
2026-09-10 14:31:30,495 ms,477 ms,454 ms,272 ms
2026-09-10 14:32:00,496 ms,478 ms,456 ms,278 ms
2026-09-10 14:32:30,493 ms,467 ms,435 ms,41 ms
2026-09-10 14:33:00,494 ms,472 ms,443 ms,83 ms
2026-09-10 14:33:30,496 ms,479 ms,458 ms,289 ms
2026-09-10 14:34:00,494 ms,470 ms,441 ms,67 ms
2026-09-10 14:34:30,494 ms,470 ms,441 ms,100 ms
2026-09-10 14:35:00,496 ms,478 ms,455 ms,275 ms
2026-09-10 14:35:30,495 ms,474 ms,449 ms,175 ms
2026-09-10 14:36:00,493 ms,463 ms,425 ms,44 ms
2026-09-10 14:36:30,493 ms,464 ms,429 ms,33 ms
2026-09-10 14:37:00,494 ms,468 ms,437 ms,56 ms
2026-09-10 14:37:30,785 ms,485 ms,457 ms,175 ms
2026-09-10 14:38:00,900 ms,500 ms,474 ms,263 ms
2026-09-10 14:38:30,825 ms,490 ms,465 ms,271 ms
2026-09-10 14:39:00,495 ms,474 ms,449 ms,92 ms
2026-09-10 14:39:30,492 ms,461 ms,423 ms,43 ms
2026-09-10 14:40:00,825 ms,484 ms,448 ms,64 ms
2026-09-10 14:40:30,830 ms,487 ms,454 ms,86 ms
2026-09-10 14:41:00,495 ms,474 ms,447 ms,100 ms
2026-09-10 14:41:30,496 ms,479 ms,458 ms,290 ms
2026-09-10 14:42:00,495 ms,473 ms,446 ms,63 ms
2026-09-10 14:42:30,492 ms,458 ms,416 ms,34 ms
2026-09-10 14:43:00,493 ms,463 ms,427 ms,50 ms
2026-09-10 14:43:30,494 ms,472 ms,444 ms,86 ms
2026-09-10 14:44:00,810 ms,490 ms,468 ms,295 ms
2026-09-10 14:44:30,795 ms,489 ms,466 ms,288 ms
2026-09-10 14:45:00,908 ms,537 ms,473 ms,213 ms
2026-09-10 14:45:30,910 ms,550 ms,481 ms,310 ms
2026-09-10 14:46:00,496 ms,479 ms,458 ms,288 ms
2026-09-10 14:46:30,495 ms,474 ms,449 ms,213 ms
2026-09-10 14:47:00,493 ms,465 ms,429 ms,24 ms
2026-09-10 14:47:30,491 ms,456 ms,413 ms,22 ms
2026-09-10 14:48:00,493 ms,465 ms,431 ms,22 ms
2026-09-10 14:48:30,495 ms,475 ms,450 ms,100 ms
2026-09-10 14:49:00,495 ms,476 ms,453 ms,263 ms
2026-09-10 14:49:30,491 ms,457 ms,414 ms,35 ms
2026-09-10 14:50:00,800 ms,482 ms,446 ms,38 ms
2026-09-10 14:50:30,805 ms,487 ms,462 ms,257 ms
2026-09-10 14:51:00,900 ms,500 ms,467 ms,62 ms
2026-09-10 14:51:30,937 ms,683 ms,487 ms,75 ms
2026-09-10 14:52:00,820 ms,489 ms,464 ms,264 ms
2026-09-10 14:52:30,495 ms,473 ms,447 ms,150 ms
2026-09-10 14:53:00,495 ms,476 ms,453 ms,263 ms
2026-09-10 14:53:30,495 ms,477 ms,455 ms,273 ms
2026-09-10 14:54:00,494 ms,470 ms,439 ms,50 ms
2026-09-10 14:54:30,493 ms,465 ms,431 ms,39 ms
2026-09-10 14:55:00,495 ms,474 ms,447 ms,75 ms
2026-09-10 14:55:30,496 ms,478 ms,455 ms,276 ms
2026-09-10 14:56:00,494 ms,472 ms,444 ms,67 ms
2026-09-10 14:56:30,493 ms,464 ms,429 ms,25 ms
2026-09-10 14:57:00,795 ms,484 ms,452 ms,119 ms
2026-09-10 14:57:30,895 ms,498 ms,463 ms,90 ms
2026-09-10 14:58:00,825 ms,488 ms,461 ms,94 ms
2026-09-10 14:58:30,810 ms,489 ms,467 ms,286 ms
2026-09-10 14:59:00,805 ms,487 ms,462 ms,257 ms
2026-09-10 14:59:30,494 ms,469 ms,438 ms,65 ms
2026-09-10 15:00:00,820 ms,478 ms,428 ms,25 ms
2026-09-10 15:00:30,830 ms,478 ms,425 ms,24 ms
2026-09-10 15:01:00,494 ms,469 ms,438 ms,65 ms
2026-09-10 15:01:30,825 ms,490 ms,467 ms,283 ms
2026-09-10 15:02:00,820 ms,491 ms,470 ms,307 ms
2026-09-10 15:02:30,493 ms,466 ms,433 ms,45 ms
2026-09-10 15:03:00,484 ms,421 ms,342 ms,22 ms
2026-09-10 15:03:30,491 ms,452 ms,405 ms,43 ms
2026-09-10 15:04:00,840 ms,486 ms,450 ms,83 ms
2026-09-10 15:04:30,815 ms,487 ms,458 ms,138 ms
2026-09-10 15:05:00,795 ms,487 ms,461 ms,256 ms
2026-09-10 15:05:30,815 ms,488 ms,463 ms,257 ms
2026-09-10 15:06:00,494 ms,471 ms,442 ms,69 ms
2026-09-10 15:06:30,494 ms,472 ms,444 ms,80 ms
2026-09-10 15:07:00,493 ms,466 ms,433 ms,75 ms
2026-09-10 15:07:30,493 ms,463 ms,425 ms,23 ms
2026-09-10 15:08:00,491 ms,455 ms,410 ms,22 ms
2026-09-10 15:08:30,493 ms,463 ms,425 ms,61 ms
2026-09-10 15:09:00,494 ms,472 ms,443 ms,130 ms
2026-09-10 15:09:30,805 ms,483 ms,448 ms,46 ms
2026-09-10 15:10:00,800 ms,481 ms,442 ms,38 ms
2026-09-10 15:10:30,905 ms,525 ms,465 ms,50 ms
2026-09-10 15:11:00,930 ms,650 ms,484 ms,263 ms
2026-09-10 15:11:30,815 ms,489 ms,466 ms,281 ms
2026-09-10 15:12:00,825 ms,488 ms,458 ms,175 ms
2026-09-10 15:12:30,902 ms,512 ms,470 ms,205 ms
2026-09-10 15:13:00,810 ms,483 ms,446 ms,75 ms
2026-09-10 15:13:30,493 ms,464 ms,427 ms,31 ms
2026-09-10 15:14:00,493 ms,465 ms,431 ms,25 ms
2026-09-10 15:14:30,489 ms,444 ms,388 ms,24 ms
2026-09-10 15:15:00,492 ms,461 ms,423 ms,63 ms
2026-09-10 15:15:30,494 ms,468 ms,437 ms,75 ms
2026-09-10 15:16:00,493 ms,465 ms,431 ms,38 ms
2026-09-10 15:16:30,493 ms,464 ms,429 ms,24 ms
2026-09-10 15:17:00,800 ms,483 ms,450 ms,80 ms
2026-09-10 15:17:30,908 ms,537 ms,473 ms,175 ms
2026-09-10 15:18:00,815 ms,488 ms,463 ms,257 ms
2026-09-10 15:18:30,795 ms,488 ms,463 ms,268 ms
2026-09-10 15:19:00,810 ms,489 ms,467 ms,286 ms
2026-09-10 15:19:30,494 ms,472 ms,443 ms,75 ms
2026-09-10 15:20:00,495 ms,473 ms,445 ms,86 ms
2026-09-10 15:20:30,835 ms,488 ms,456 ms,78 ms
2026-09-10 15:21:00,855 ms,478 ms,405 ms,22 ms
2026-09-10 15:21:30,492 ms,461 ms,423 ms,25 ms
2026-09-10 15:22:00,494 ms,469 ms,438 ms,24 ms
2026-09-10 15:22:30,492 ms,461 ms,423 ms,23 ms
2026-09-10 15:23:00,489 ms,445 ms,391 ms,33 ms
2026-09-10 15:23:30,492 ms,461 ms,423 ms,42 ms
2026-09-10 15:24:00,923 ms,613 ms,479 ms,88 ms
2026-09-10 15:24:30,917 ms,587 ms,464 ms,63 ms
2026-09-10 15:25:00,489 ms,443 ms,386 ms,25 ms
2026-09-10 15:25:30,493 ms,463 ms,425 ms,24 ms
2026-09-10 15:26:00,493 ms,465 ms,430 ms,24 ms
2026-09-10 15:26:30,494 ms,470 ms,440 ms,44 ms
2026-09-10 15:27:00,492 ms,460 ms,420 ms,57 ms
2026-09-10 15:27:30,488 ms,441 ms,382 ms,25 ms
2026-09-10 15:28:00,495 ms,473 ms,447 ms,75 ms
2026-09-10 15:28:30,495 ms,477 ms,454 ms,271 ms
2026-09-10 15:29:00,492 ms,461 ms,423 ms,24 ms
2026-09-10 15:29:30,492 ms,458 ms,416 ms,22 ms
2026-09-10 15:30:00,830 ms,488 ms,459 ms,100 ms
2026-09-10 15:30:30,835 ms,486 ms,450 ms,63 ms
2026-09-10 15:31:00,840 ms,481 ms,431 ms,24 ms
2026-09-10 15:31:30,850 ms,489 ms,455 ms,100 ms
2026-09-10 15:32:00,494 ms,468 ms,435 ms,94 ms
2026-09-10 15:32:30,492 ms,458 ms,417 ms,23 ms
2026-09-10 15:33:00,490 ms,452 ms,404 ms,22 ms
2026-09-10 15:33:30,490 ms,452 ms,403 ms,23 ms
2026-09-10 15:34:00,494 ms,468 ms,435 ms,58 ms
2026-09-10 15:34:30,494 ms,472 ms,444 ms,85 ms
2026-09-10 15:35:00,493 ms,465 ms,430 ms,31 ms
2026-09-10 15:35:30,489 ms,443 ms,386 ms,20 ms
2026-09-10 15:36:00,490 ms,452 ms,403 ms,23 ms
2026-09-10 15:36:30,495 ms,473 ms,447 ms,200 ms
2026-09-10 15:37:00,815 ms,488 ms,460 ms,213 ms
2026-09-10 15:37:30,915 ms,575 ms,465 ms,38 ms
2026-09-10 15:38:00,855 ms,484 ms,432 ms,22 ms
2026-09-10 15:38:30,492 ms,458 ms,417 ms,25 ms
2026-09-10 15:39:00,492 ms,460 ms,419 ms,24 ms
2026-09-10 15:39:30,489 ms,444 ms,388 ms,21 ms
2026-09-10 15:40:00,488 ms,440 ms,379 ms,21 ms
2026-09-10 15:40:30,493 ms,464 ms,429 ms,25 ms
2026-09-10 15:41:00,495 ms,475 ms,450 ms,25 ms
2026-09-10 15:52:30,498 ms,488 ms,475 ms,375 ms
2026-09-10 15:53:00,496 ms,480 ms,460 ms,300 ms
2026-09-10 15:53:30,495 ms,473 ms,446 ms,88 ms
2026-09-10 15:54:00,494 ms,470 ms,439 ms,50 ms
2026-09-10 15:54:30,495 ms,474 ms,448 ms,100 ms
2026-09-10 15:55:00,493 ms,464 ms,427 ms,58 ms
2026-09-10 15:55:30,493 ms,464 ms,427 ms,61 ms
2026-09-10 15:56:00,820 ms,487 ms,459 ms,88 ms
2026-09-10 15:56:30,825 ms,486 ms,452 ms,44 ms
2026-09-10 15:57:00,840 ms,487 ms,454 ms,38 ms
2026-09-10 15:57:30,845 ms,491 ms,465 ms,258 ms
2026-09-10 15:58:00,491 ms,456 ms,411 ms,23 ms
2026-09-10 15:58:30,489 ms,445 ms,389 ms,21 ms
2026-09-10 15:59:00,488 ms,438 ms,375 ms,26 ms
2026-09-10 15:59:30,395 ms,72 ms,49 ms,31 ms
2026-09-10 16:00:00,50 ms,48 ms,47 ms,35 ms
2026-09-10 16:00:30,50 ms,48 ms,46 ms,31 ms
2026-09-10 16:01:00,50 ms,48 ms,46 ms,29 ms
2026-09-10 16:01:30,50 ms,48 ms,46 ms,32 ms
2026-09-10 16:02:00,79 ms,49 ms,47 ms,33 ms
2026-09-10 16:02:30,75 ms,49 ms,48 ms,35 ms
2026-09-10 16:03:00,175 ms,50 ms,48 ms,34 ms
2026-09-10 16:03:30,182 ms,50 ms,47 ms,29 ms
2026-09-10 16:04:00,79 ms,49 ms,46 ms,27 ms
2026-09-10 16:04:30,178 ms,50 ms,48 ms,32 ms
2026-09-10 16:05:00,181 ms,49 ms,47 ms,34 ms
2026-09-10 16:05:30,50 ms,48 ms,46 ms,31 ms
2026-09-10 16:06:00,77 ms,49 ms,47 ms,31 ms
2026-09-10 16:06:30,181 ms,50 ms,48 ms,32 ms
2026-09-10 16:07:00,210 ms,67 ms,48 ms,33 ms
2026-09-10 16:07:30,215 ms,82 ms,49 ms,34 ms
2026-09-10 16:08:00,190 ms,50 ms,48 ms,30 ms
2026-09-10 16:08:30,80 ms,49 ms,47 ms,30 ms
2026-09-10 16:09:00,395 ms,50 ms,48 ms,33 ms
2026-09-10 16:09:30,390 ms,95 ms,50 ms,32 ms
2026-09-10 16:10:00,181 ms,50 ms,48 ms,32 ms
2026-09-10 16:10:30,50 ms,48 ms,46 ms,32 ms
2026-09-10 16:11:00,181 ms,50 ms,48 ms,30 ms
2026-09-10 16:11:30,213 ms,75 ms,48 ms,31 ms
2026-09-10 16:12:00,172 ms,50 ms,48 ms,33 ms
2026-09-10 16:12:30,179 ms,66 ms,49 ms,34 ms
2026-09-10 16:13:00,216 ms,87 ms,49 ms,35 ms
2026-09-10 16:13:30,178 ms,50 ms,48 ms,33 ms
2026-09-10 16:14:00,77 ms,49 ms,47 ms,30 ms
2026-09-10 16:14:30,186 ms,49 ms,47 ms,31 ms
2026-09-10 16:15:00,215 ms,50 ms,48 ms,31 ms
2026-09-10 16:15:30,182 ms,49 ms,47 ms,33 ms
2026-09-10 16:16:00,91 ms,54 ms,48 ms,33 ms
2026-09-10 16:16:30,89 ms,50 ms,48 ms,29 ms
2026-09-10 16:17:00,50 ms,48 ms,46 ms,31 ms
2026-09-10 16:17:30,50 ms,48 ms,46 ms,32 ms
2026-09-10 16:18:00,181 ms,49 ms,47 ms,33 ms
2026-09-10 16:18:30,213 ms,50 ms,48 ms,32 ms
2026-09-10 16:19:00,182 ms,50 ms,48 ms,32 ms
2026-09-10 16:19:30,77 ms,49 ms,47 ms,31 ms
2026-09-10 16:20:00,182 ms,49 ms,47 ms,29 ms
2026-09-10 16:20:30,216 ms,50 ms,48 ms,32 ms
2026-09-10 16:21:00,179 ms,49 ms,47 ms,33 ms
2026-09-10 16:21:30,170 ms,49 ms,46 ms,29 ms
2026-09-10 16:22:00,166 ms,49 ms,46 ms,29 ms
2026-09-10 16:22:30,208 ms,49 ms,48 ms,33 ms
2026-09-10 16:23:00,209 ms,62 ms,48 ms,33 ms
2026-09-10 16:23:30,184 ms,70 ms,49 ms,34 ms
2026-09-10 16:24:00,179 ms,50 ms,48 ms,31 ms
2026-09-10 16:24:30,77 ms,49 ms,47 ms,30 ms
2026-09-10 16:25:00,79 ms,49 ms,47 ms,30 ms
2026-09-10 16:25:30,50 ms,48 ms,46 ms,30 ms
2026-09-10 16:26:00,77 ms,49 ms,47 ms,33 ms
2026-09-10 16:26:30,76 ms,49 ms,47 ms,32 ms
2026-09-10 16:27:00,50 ms,48 ms,46 ms,31 ms
2026-09-10 16:27:30,87 ms,50 ms,48 ms,31 ms
2026-09-10 16:28:00,91 ms,52 ms,48 ms,32 ms
2026-09-10 16:28:30,167 ms,65 ms,49 ms,34 ms
2026-09-10 16:29:00,179 ms,55 ms,48 ms,32 ms
2026-09-10 16:29:30,89 ms,50 ms,48 ms,30 ms
2026-09-10 16:30:00,89 ms,50 ms,48 ms,31 ms
2026-09-10 16:30:30,50 ms,48 ms,46 ms,30 ms
2026-09-10 16:31:00,50 ms,48 ms,46 ms,32 ms
2026-09-10 16:31:30,76 ms,49 ms,47 ms,31 ms
2026-09-10 16:32:00,73 ms,49 ms,46 ms,28 ms
2026-09-10 16:32:30,88 ms,50 ms,47 ms,30 ms
2026-09-10 16:33:00,175 ms,62 ms,48 ms,33 ms
2026-09-10 16:33:30,176 ms,50 ms,48 ms,34 ms
2026-09-10 16:34:00,184 ms,50 ms,48 ms,32 ms
2026-09-10 16:34:30,219 ms,50 ms,48 ms,32 ms
2026-09-10 16:35:00,188 ms,49 ms,47 ms,31 ms
2026-09-10 16:35:30,50 ms,48 ms,46 ms,29 ms
2026-09-10 16:36:00,78 ms,49 ms,47 ms,31 ms
2026-09-10 16:36:30,79 ms,49 ms,47 ms,31 ms
2026-09-10 16:37:00,50 ms,48 ms,46 ms,29 ms
2026-09-10 16:37:30,75 ms,49 ms,46 ms,29 ms
2026-09-10 16:38:00,75 ms,49 ms,47 ms,31 ms
2026-09-10 16:38:30,75 ms,49 ms,47 ms,33 ms
2026-09-10 16:39:00,77 ms,49 ms,47 ms,33 ms
2026-09-10 16:39:30,50 ms,48 ms,46 ms,29 ms
2026-09-10 16:40:00,50 ms,48 ms,46 ms,28 ms
2026-09-10 16:40:30,50 ms,48 ms,46 ms,29 ms
2026-09-10 16:41:00,50 ms,48 ms,46 ms,30 ms
2026-09-10 16:41:30,50 ms,48 ms,46 ms,32 ms
2026-09-10 16:42:00,50 ms,48 ms,46 ms,32 ms
2026-09-10 16:42:30,50 ms,48 ms,46 ms,28 ms
2026-09-10 16:43:00,79 ms,49 ms,47 ms,31 ms
2026-09-10 16:43:30,89 ms,50 ms,48 ms,30 ms
2026-09-10 16:44:00,181 ms,50 ms,48 ms,31 ms
2026-09-10 16:44:30,179 ms,49 ms,47 ms,33 ms
2026-09-10 16:45:00,77 ms,49 ms,47 ms,31 ms
2026-09-10 16:45:30,89 ms,50 ms,48 ms,31 ms
2026-09-10 16:46:00,79 ms,49 ms,47 ms,31 ms
2026-09-10 16:46:30,77 ms,49 ms,46 ms,26 ms
2026-09-10 16:47:00,92 ms,60 ms,48 ms,31 ms
2026-09-10 16:47:30,92 ms,62 ms,49 ms,35 ms
2026-09-10 16:48:00,94 ms,68 ms,49 ms,32 ms
2026-09-10 16:48:30,91 ms,54 ms,48 ms,32 ms
2026-09-10 16:49:00,50 ms,48 ms,46 ms,31 ms
2026-09-10 16:49:30,76 ms,49 ms,47 ms,31 ms
2026-09-10 16:50:00,174 ms,50 ms,48 ms,33 ms
2026-09-10 16:50:30,178 ms,49 ms,47 ms,31 ms
2026-09-10 16:51:00,50 ms,48 ms,46 ms,30 ms
2026-09-10 16:51:30,77 ms,49 ms,47 ms,31 ms
2026-09-10 16:52:00,74 ms,49 ms,47 ms,30 ms
2026-09-10 16:52:30,50 ms,48 ms,46 ms,32 ms
2026-09-10 16:53:00,79 ms,49 ms,47 ms,32 ms
2026-09-10 16:53:30,79 ms,49 ms,47 ms,30 ms
2026-09-10 16:54:00,50 ms,48 ms,46 ms,29 ms
2026-09-10 16:54:30,75 ms,49 ms,47 ms,31 ms
2026-09-10 16:55:00,75 ms,49 ms,47 ms,32 ms
2026-09-10 16:55:30,176 ms,49 ms,47 ms,31 ms
2026-09-10 16:56:00,175 ms,62 ms,48 ms,30 ms
2026-09-10 16:56:30,95 ms,73 ms,50 ms,31 ms
2026-09-10 16:57:00,93 ms,63 ms,49 ms,31 ms
2026-09-10 16:57:30,76 ms,49 ms,47 ms,31 ms
2026-09-10 16:58:00,50 ms,48 ms,47 ms,33 ms
2026-09-10 16:58:30,50 ms,48 ms,47 ms,33 ms
2026-09-10 16:59:00,50 ms,48 ms,46 ms,29 ms
2026-09-10 16:59:30,50 ms,48 ms,46 ms,29 ms
2026-09-10 17:00:00,50 ms,48 ms,46 ms,29 ms
2026-09-10 17:00:30,167 ms,49 ms,47 ms,31 ms
2026-09-10 17:01:00,172 ms,50 ms,48 ms,31 ms
2026-09-10 17:01:30,50 ms,48 ms,46 ms,29 ms
2026-09-10 17:02:00,79 ms,49 ms,47 ms,31 ms
2026-09-10 17:02:30,85 ms,49 ms,47 ms,30 ms
2026-09-10 17:03:00,52 ms,48 ms,47 ms,31 ms
2026-09-10 17:03:30,50 ms,48 ms,46 ms,32 ms
2026-09-10 17:04:00,85 ms,49 ms,47 ms,30 ms
2026-09-10 17:04:30,80 ms,49 ms,47 ms,30 ms
2026-09-10 17:05:00,50 ms,48 ms,46 ms,32 ms
2026-09-10 17:05:30,75 ms,49 ms,47 ms,33 ms
2026-09-10 17:06:00,76 ms,49 ms,47 ms,32 ms
2026-09-10 17:06:30,50 ms,48 ms,46 ms,31 ms
2026-09-10 17:07:00,50 ms,48 ms,46 ms,29 ms
2026-09-10 17:07:30,50 ms,48 ms,46 ms,30 ms
2026-09-10 17:08:00,50 ms,48 ms,46 ms,32 ms
2026-09-10 17:08:30,92 ms,57 ms,48 ms,33 ms
2026-09-10 17:09:00,92 ms,58 ms,48 ms,31 ms
2026-09-10 17:09:30,75 ms,49 ms,47 ms,30 ms
2026-09-10 17:10:00,73 ms,49 ms,47 ms,30 ms
2026-09-10 17:10:30,86 ms,49 ms,48 ms,32 ms
2026-09-10 17:11:00,88 ms,50 ms,48 ms,35 ms
2026-09-10 17:11:30,77 ms,49 ms,47 ms,30 ms
2026-09-10 17:12:00,80 ms,49 ms,47 ms,30 ms
2026-09-10 17:12:30,93 ms,65 ms,49 ms,34 ms
2026-09-10 17:13:00,91 ms,56 ms,48 ms,31 ms
2026-09-10 17:13:30,50 ms,48 ms,47 ms,33 ms
2026-09-10 17:14:00,50 ms,48 ms,47 ms,33 ms
2026-09-10 17:14:30,50 ms,48 ms,46 ms,29 ms
2026-09-10 17:15:00,75 ms,49 ms,47 ms,30 ms
2026-09-10 17:15:30,170 ms,50 ms,48 ms,31 ms
2026-09-10 17:16:00,175 ms,49 ms,47 ms,32 ms
2026-09-10 17:16:30,50 ms,48 ms,46 ms,31 ms
2026-09-10 17:17:00,50 ms,48 ms,46 ms,31 ms
2026-09-10 17:17:30,50 ms,48 ms,46 ms,32 ms
2026-09-10 17:18:00,85 ms,49 ms,47 ms,30 ms
2026-09-10 17:18:30,86 ms,49 ms,47 ms,32 ms
2026-09-10 17:19:00,182 ms,49 ms,47 ms,33 ms
2026-09-10 17:19:30,174 ms,50 ms,48 ms,32 ms
2026-09-10 17:20:00,169 ms,50 ms,48 ms,32 ms
2026-09-10 17:20:30,209 ms,62 ms,48 ms,33 ms
2026-09-10 17:21:00,178 ms,50 ms,48 ms,33 ms
2026-09-10 17:21:30,50 ms,48 ms,46 ms,32 ms
2026-09-10 17:22:00,178 ms,49 ms,47 ms,32 ms
2026-09-10 17:22:30,213 ms,50 ms,48 ms,31 ms
2026-09-10 17:23:00,186 ms,49 ms,47 ms,29 ms
2026-09-10 17:23:30,92 ms,62 ms,49 ms,33 ms
2026-09-10 17:24:00,94 ms,72 ms,50 ms,35 ms
2026-09-10 17:24:30,79 ms,49 ms,47 ms,31 ms
2026-09-10 17:25:00,76 ms,49 ms,47 ms,30 ms
2026-09-10 17:25:30,72 ms,49 ms,47 ms,30 ms
2026-09-10 17:26:00,172 ms,49 ms,47 ms,33 ms
2026-09-10 17:26:30,226 ms,127 ms,49 ms,35 ms
2026-09-10 17:27:00,212 ms,50 ms,48 ms,33 ms
2026-09-10 17:27:30,50 ms,48 ms,46 ms,31 ms
2026-09-10 17:28:00,79 ms,49 ms,47 ms,31 ms
2026-09-10 17:28:30,79 ms,49 ms,47 ms,30 ms
2026-09-10 17:29:00,50 ms,48 ms,47 ms,34 ms
2026-09-10 17:29:30,50 ms,48 ms,46 ms,32 ms
2026-09-10 17:30:00,184 ms,50 ms,48 ms,29 ms
2026-09-10 17:30:30,172 ms,50 ms,48 ms,32 ms
2026-09-10 17:31:00,72 ms,49 ms,47 ms,33 ms
2026-09-10 17:31:30,75 ms,49 ms,47 ms,34 ms
2026-09-10 17:32:00,50 ms,48 ms,46 ms,31 ms
2026-09-10 17:32:30,50 ms,48 ms,46 ms,30 ms
2026-09-10 17:33:00,181 ms,49 ms,47 ms,32 ms
2026-09-10 17:33:30,217 ms,50 ms,48 ms,33 ms
2026-09-10 17:34:00,178 ms,49 ms,47 ms,32 ms
2026-09-10 17:34:30,79 ms,49 ms,47 ms,32 ms
2026-09-10 17:35:00,188 ms,74 ms,49 ms,32 ms
2026-09-10 17:35:30,232 ms,158 ms,89 ms,35 ms
2026-09-10 17:36:00,225 ms,125 ms,67 ms,34 ms
2026-09-10 17:36:30,172 ms,50 ms,48 ms,32 ms
2026-09-10 17:37:00,172 ms,50 ms,48 ms,34 ms
2026-09-10 17:37:30,216 ms,87 ms,49 ms,32 ms
2026-09-10 17:38:00,231 ms,155 ms,60 ms,33 ms
2026-09-10 17:38:30,229 ms,148 ms,73 ms,34 ms
2026-09-10 17:39:00,215 ms,94 ms,55 ms,30 ms
2026-09-10 17:39:30,79 ms,49 ms,47 ms,32 ms
2026-09-10 17:40:00,50 ms,48 ms,46 ms,32 ms
2026-09-10 17:40:30,76 ms,49 ms,47 ms,30 ms
2026-09-10 17:41:00,75 ms,49 ms,47 ms,30 ms
2026-09-10 17:41:30,50 ms,48 ms,46 ms,30 ms
2026-09-10 17:42:00,50 ms,48 ms,46 ms,32 ms
2026-09-10 17:42:30,87 ms,50 ms,48 ms,35 ms
2026-09-10 17:43:00,92 ms,58 ms,48 ms,31 ms
2026-09-10 17:43:30,76 ms,49 ms,46 ms,28 ms
2026-09-10 17:44:00,93 ms,65 ms,49 ms,31 ms
2026-09-10 17:44:30,94 ms,71 ms,49 ms,33 ms
2026-09-10 17:45:00,75 ms,49 ms,47 ms,32 ms
2026-09-10 17:45:30,76 ms,49 ms,47 ms,29 ms
2026-09-10 17:46:00,75 ms,49 ms,47 ms,30 ms
2026-09-10 17:46:30,72 ms,49 ms,47 ms,31 ms
2026-09-10 17:47:00,73 ms,49 ms,47 ms,33 ms
2026-09-10 17:47:30,75 ms,49 ms,47 ms,33 ms
2026-09-10 17:48:00,83 ms,49 ms,47 ms,31 ms
2026-09-10 17:48:30,92 ms,59 ms,48 ms,32 ms
2026-09-10 17:49:00,190 ms,86 ms,57 ms,33 ms
2026-09-10 17:49:30,182 ms,75 ms,49 ms,33 ms
2026-09-10 17:50:00,79 ms,49 ms,47 ms,34 ms
2026-09-10 17:50:30,90 ms,50 ms,48 ms,34 ms
2026-09-10 17:51:00,88 ms,50 ms,48 ms,32 ms
2026-09-10 17:51:30,87 ms,50 ms,48 ms,32 ms
2026-09-10 17:52:00,92 ms,60 ms,48 ms,32 ms
2026-09-10 17:52:30,174 ms,50 ms,48 ms,32 ms
2026-09-10 17:53:00,176 ms,52 ms,48 ms,32 ms
2026-09-10 17:53:30,88 ms,50 ms,48 ms,33 ms
2026-09-10 17:54:00,216 ms,87 ms,49 ms,33 ms
2026-09-10 17:54:30,218 ms,50 ms,48 ms,32 ms
2026-09-10 17:55:00,184 ms,70 ms,49 ms,34 ms
2026-09-10 17:55:30,181 ms,68 ms,49 ms,33 ms
2026-09-10 17:56:00,76 ms,49 ms,47 ms,30 ms
2026-09-10 17:56:30,95 ms,73 ms,50 ms,31 ms
2026-09-10 17:57:00,94 ms,72 ms,50 ms,33 ms
2026-09-10 17:57:30,87 ms,50 ms,48 ms,32 ms
2026-09-10 17:58:00,214 ms,93 ms,53 ms,34 ms
2026-09-10 17:58:30,215 ms,93 ms,50 ms,35 ms
2026-09-10 17:59:00,79 ms,49 ms,47 ms,32 ms
2026-09-10 17:59:30,75 ms,49 ms,47 ms,31 ms
2026-09-10 18:00:00,50 ms,48 ms,47 ms,33 ms
2026-09-10 18:00:30,50 ms,48 ms,47 ms,33 ms
2026-09-10 18:01:00,50 ms,48 ms,46 ms,29 ms
2026-09-10 18:01:30,50 ms,48 ms,46 ms,30 ms
2026-09-10 18:02:00,175 ms,49 ms,47 ms,31 ms
2026-09-10 18:02:30,170 ms,59 ms,48 ms,31 ms
2026-09-10 18:03:00,95 ms,75 ms,51 ms,33 ms
2026-09-10 18:03:30,94 ms,69 ms,49 ms,33 ms
2026-09-10 18:04:00,91 ms,57 ms,48 ms,31 ms
2026-09-10 18:04:30,89 ms,50 ms,48 ms,31 ms
2026-09-10 18:05:00,184 ms,88 ms,66 ms,36 ms
2026-09-10 18:05:30,176 ms,85 ms,61 ms,35 ms
2026-09-10 18:06:00,74 ms,49 ms,47 ms,30 ms
2026-09-10 18:06:30,163 ms,53 ms,48 ms,31 ms
2026-09-10 18:07:00,223 ms,112 ms,58 ms,35 ms
2026-09-10 18:07:30,232 ms,160 ms,87 ms,36 ms
2026-09-10 18:08:00,218 ms,97 ms,62 ms,34 ms
2026-09-10 18:08:30,89 ms,50 ms,48 ms,31 ms
2026-09-10 18:09:00,187 ms,72 ms,49 ms,32 ms
2026-09-10 18:09:30,186 ms,71 ms,49 ms,33 ms
2026-09-10 18:10:00,50 ms,48 ms,47 ms,33 ms
2026-09-10 18:10:30,216 ms,50 ms,48 ms,35 ms
2026-09-10 18:11:00,219 ms,50 ms,48 ms,32 ms
2026-09-10 18:11:30,89 ms,50 ms,48 ms,30 ms
2026-09-10 18:12:00,94 ms,69 ms,49 ms,31 ms
2026-09-10 18:12:30,175 ms,62 ms,48 ms,32 ms
2026-09-10 18:13:00,218 ms,50 ms,48 ms,34 ms
2026-09-10 18:13:30,188 ms,50 ms,48 ms,33 ms
2026-09-10 18:14:00,89 ms,50 ms,48 ms,32 ms
2026-09-10 18:14:30,77 ms,49 ms,47 ms,31 ms
2026-09-10 18:15:00,50 ms,48 ms,46 ms,31 ms
2026-09-10 18:15:30,88 ms,50 ms,48 ms,33 ms
2026-09-10 18:16:00,92 ms,62 ms,49 ms,33 ms
2026-09-10 18:16:30,78 ms,49 ms,47 ms,29 ms
2026-09-10 18:17:00,50 ms,48 ms,46 ms,30 ms
2026-09-10 18:17:30,95 ms,72 ms,50 ms,34 ms
2026-09-10 18:18:00,95 ms,76 ms,52 ms,34 ms
2026-09-10 18:18:30,91 ms,57 ms,48 ms,33 ms
2026-09-10 18:19:00,91 ms,56 ms,48 ms,32 ms
2026-09-10 18:19:30,226 ms,133 ms,72 ms,34 ms
2026-09-10 18:20:00,229 ms,145 ms,70 ms,35 ms
2026-09-10 18:20:30,50 ms,48 ms,46 ms,32 ms
2026-09-10 18:21:00,76 ms,49 ms,47 ms,32 ms
2026-09-10 18:21:30,88 ms,50 ms,48 ms,32 ms
2026-09-10 18:22:00,73 ms,49 ms,47 ms,30 ms
2026-09-10 18:22:30,84 ms,49 ms,47 ms,32 ms
2026-09-10 18:23:00,176 ms,52 ms,48 ms,32 ms
2026-09-10 18:23:30,175 ms,62 ms,48 ms,33 ms
2026-09-10 18:24:00,89 ms,50 ms,48 ms,33 ms
2026-09-10 18:24:30,187 ms,49 ms,47 ms,32 ms
2026-09-10 18:25:00,190 ms,50 ms,48 ms,33 ms
2026-09-10 18:25:30,88 ms,50 ms,48 ms,31 ms
2026-09-10 18:26:00,88 ms,50 ms,48 ms,32 ms
2026-09-10 18:26:30,79 ms,49 ms,47 ms,33 ms
2026-09-10 18:27:00,79 ms,49 ms,47 ms,31 ms
2026-09-10 18:27:30,77 ms,49 ms,47 ms,30 ms
2026-09-10 18:28:00,76 ms,49 ms,47 ms,30 ms
2026-09-10 18:28:30,212 ms,72 ms,48 ms,31 ms
2026-09-10 18:29:00,213 ms,75 ms,49 ms,34 ms
2026-09-10 18:29:30,179 ms,50 ms,48 ms,33 ms
2026-09-10 18:30:00,182 ms,49 ms,47 ms,32 ms
2026-09-10 18:30:30,217 ms,80 ms,48 ms,32 ms
2026-09-10 18:31:00,218 ms,95 ms,49 ms,30 ms
2026-09-10 18:31:30,79 ms,49 ms,47 ms,32 ms
2026-09-10 18:32:00,50 ms,48 ms,46 ms,32 ms
2026-09-10 18:32:30,181 ms,50 ms,48 ms,30 ms
2026-09-10 18:33:00,175 ms,62 ms,48 ms,31 ms
2026-09-10 18:33:30,87 ms,50 ms,48 ms,33 ms
2026-09-10 18:34:00,175 ms,50 ms,48 ms,34 ms
2026-09-10 18:34:30,179 ms,49 ms,47 ms,34 ms
2026-09-10 18:35:00,50 ms,48 ms,46 ms,31 ms
2026-09-10 18:35:30,50 ms,48 ms,46 ms,31 ms
2026-09-10 18:36:00,50 ms,48 ms,46 ms,32 ms
2026-09-10 18:36:30,172 ms,50 ms,47 ms,31 ms
2026-09-10 18:37:00,217 ms,90 ms,49 ms,35 ms
2026-09-10 18:37:30,181 ms,49 ms,47 ms,33 ms
2026-09-10 18:38:00,50 ms,48 ms,46 ms,29 ms
2026-09-10 18:38:30,94 ms,68 ms,49 ms,31 ms
2026-09-10 18:39:00,95 ms,76 ms,52 ms,32 ms
2026-09-10 18:39:30,86 ms,50 ms,48 ms,32 ms
2026-09-10 18:40:00,75 ms,49 ms,47 ms,31 ms
2026-09-10 18:40:30,385 ms,185 ms,70 ms,33 ms
2026-09-10 18:41:00,400 ms,200 ms,50 ms,35 ms
2026-09-10 18:41:30,214 ms,60 ms,48 ms,33 ms
2026-09-10 18:42:00,215 ms,88 ms,49 ms,35 ms
2026-09-10 18:42:30,89 ms,50 ms,48 ms,33 ms
2026-09-10 18:43:00,91 ms,53 ms,48 ms,28 ms
2026-09-10 18:43:30,85 ms,49 ms,47 ms,27 ms
2026-09-10 18:44:00,85 ms,49 ms,47 ms,28 ms
2026-09-10 18:44:30,91 ms,55 ms,48 ms,31 ms
2026-09-10 18:45:00,175 ms,62 ms,48 ms,32 ms
2026-09-10 18:45:30,178 ms,50 ms,48 ms,32 ms
2026-09-10 18:46:00,89 ms,50 ms,48 ms,32 ms
2026-09-10 18:46:30,184 ms,70 ms,49 ms,31 ms
2026-09-10 18:47:00,213 ms,50 ms,48 ms,33 ms
2026-09-10 18:47:30,181 ms,49 ms,47 ms,33 ms
2026-09-10 18:48:00,50 ms,48 ms,46 ms,28 ms
2026-09-10 18:48:30,50 ms,48 ms,46 ms,29 ms
2026-09-10 18:49:00,76 ms,49 ms,47 ms,31 ms
2026-09-10 18:49:30,95 ms,73 ms,50 ms,33 ms
2026-09-10 18:50:00,93 ms,67 ms,49 ms,35 ms
2026-09-10 18:50:30,175 ms,50 ms,48 ms,31 ms
2026-09-10 18:51:00,186 ms,77 ms,49 ms,30 ms
2026-09-10 18:51:30,92 ms,59 ms,48 ms,32 ms
2026-09-10 18:52:00,88 ms,50 ms,48 ms,31 ms
2026-09-10 18:52:30,88 ms,50 ms,48 ms,33 ms
2026-09-10 18:53:00,79 ms,49 ms,47 ms,32 ms
2026-09-10 18:53:30,50 ms,48 ms,46 ms,28 ms
2026-09-10 18:54:00,50 ms,48 ms,46 ms,29 ms
2026-09-10 18:54:30,94 ms,69 ms,49 ms,31 ms
2026-09-10 18:55:00,95 ms,76 ms,52 ms,34 ms
2026-09-10 18:55:30,75 ms,49 ms,47 ms,34 ms
2026-09-10 18:56:00,88 ms,50 ms,48 ms,31 ms
2026-09-10 18:56:30,184 ms,70 ms,49 ms,31 ms
2026-09-10 18:57:00,218 ms,95 ms,49 ms,34 ms
2026-09-10 18:57:30,179 ms,66 ms,49 ms,33 ms
2026-09-10 18:58:00,77 ms,49 ms,47 ms,33 ms
2026-09-10 18:58:30,186 ms,49 ms,47 ms,32 ms
2026-09-10 18:59:00,184 ms,50 ms,48 ms,29 ms
2026-09-10 18:59:30,380 ms,77 ms,49 ms,32 ms
2026-09-10 19:00:00,377 ms,64 ms,48 ms,33 ms
2026-09-10 19:00:30,226 ms,130 ms,49 ms,34 ms
2026-09-10 19:01:00,228 ms,140 ms,49 ms,35 ms
2026-09-10 19:01:30,188 ms,49 ms,47 ms,32 ms
2026-09-10 19:02:00,220 ms,50 ms,48 ms,33 ms
2026-09-10 19:02:30,191 ms,49 ms,47 ms,33 ms
2026-09-10 19:03:00,53 ms,49 ms,47 ms,32 ms
2026-09-10 19:03:30,91 ms,54 ms,48 ms,33 ms
2026-09-10 19:04:00,88 ms,50 ms,48 ms,31 ms
2026-09-10 19:04:30,167 ms,49 ms,46 ms,28 ms
2026-09-10 19:05:00,178 ms,65 ms,48 ms,32 ms
2026-09-10 19:05:30,93 ms,63 ms,49 ms,33 ms
2026-09-10 19:06:00,178 ms,50 ms,48 ms,32 ms
2026-09-10 19:06:30,181 ms,49 ms,47 ms,33 ms
2026-09-10 19:07:00,78 ms,49 ms,47 ms,33 ms
2026-09-10 19:07:30,80 ms,49 ms,47 ms,32 ms
2026-09-10 19:08:00,50 ms,48 ms,46 ms,29 ms
2026-09-10 19:08:30,50 ms,48 ms,46 ms,28 ms
2026-09-10 19:09:00,88 ms,50 ms,48 ms,33 ms
2026-09-10 19:09:30,92 ms,61 ms,49 ms,33 ms
2026-09-10 19:10:00,75 ms,49 ms,47 ms,31 ms
2026-09-10 19:10:30,86 ms,49 ms,48 ms,32 ms
2026-09-10 19:11:00,209 ms,82 ms,49 ms,34 ms
2026-09-10 19:11:30,380 ms,145 ms,49 ms,35 ms
2026-09-10 19:12:00,390 ms,50 ms,48 ms,31 ms
2026-09-10 19:12:30,89 ms,50 ms,48 ms,29 ms
2026-09-10 19:13:00,95 ms,74 ms,50 ms,32 ms
2026-09-10 19:13:30,91 ms,54 ms,48 ms,31 ms
2026-09-10 19:14:00,77 ms,49 ms,47 ms,34 ms
2026-09-10 19:14:30,73 ms,49 ms,47 ms,34 ms
2026-09-10 19:15:00,73 ms,49 ms,47 ms,32 ms
2026-09-10 19:15:30,87 ms,50 ms,47 ms,30 ms
2026-09-10 19:16:00,92 ms,57 ms,48 ms,31 ms
2026-09-10 19:16:30,93 ms,67 ms,49 ms,33 ms
2026-09-10 19:17:00,92 ms,58 ms,48 ms,33 ms
2026-09-10 19:17:30,95 ms,74 ms,50 ms,35 ms
2026-09-10 19:18:00,218 ms,98 ms,63 ms,36 ms
2026-09-10 19:18:30,215 ms,82 ms,49 ms,33 ms
2026-09-10 19:19:00,89 ms,50 ms,48 ms,34 ms
2026-09-10 19:19:30,79 ms,49 ms,47 ms,34 ms
2026-09-10 19:20:00,89 ms,50 ms,48 ms,31 ms
2026-09-10 19:20:30,92 ms,61 ms,48 ms,31 ms
2026-09-10 19:21:00,172 ms,82 ms,53 ms,33 ms
2026-09-10 19:21:30,174 ms,86 ms,63 ms,35 ms
2026-09-10 19:22:00,92 ms,59 ms,49 ms,34 ms
2026-09-10 19:22:30,88 ms,50 ms,48 ms,30 ms
2026-09-10 19:23:00,94 ms,72 ms,50 ms,32 ms
2026-09-10 19:23:30,93 ms,66 ms,49 ms,33 ms
2026-09-10 19:24:00,50 ms,48 ms,46 ms,31 ms
2026-09-10 19:24:30,50 ms,48 ms,47 ms,33 ms
2026-09-10 19:25:00,50 ms,48 ms,46 ms,31 ms
2026-09-10 19:25:30,75 ms,49 ms,46 ms,28 ms
2026-09-10 19:26:00,92 ms,58 ms,48 ms,31 ms
2026-09-10 19:26:30,92 ms,58 ms,48 ms,32 ms
2026-09-10 19:27:00,178 ms,83 ms,53 ms,34 ms
2026-09-10 19:27:30,179 ms,77 ms,49 ms,33 ms
2026-09-10 19:28:00,50 ms,48 ms,46 ms,32 ms
2026-09-10 19:28:30,186 ms,71 ms,49 ms,33 ms
2026-09-10 19:29:00,174 ms,61 ms,48 ms,30 ms
2026-09-10 19:29:30,50 ms,48 ms,46 ms,30 ms
2026-09-10 19:30:00,76 ms,49 ms,47 ms,31 ms
2026-09-10 19:30:30,76 ms,49 ms,47 ms,30 ms
2026-09-10 19:31:00,175 ms,50 ms,47 ms,29 ms
2026-09-10 19:31:30,210 ms,84 ms,49 ms,33 ms
2026-09-10 19:32:00,232 ms,162 ms,65 ms,36 ms
2026-09-10 19:32:30,229 ms,142 ms,50 ms,35 ms
2026-09-10 19:33:00,88 ms,50 ms,48 ms,33 ms
2026-09-10 19:33:30,80 ms,49 ms,47 ms,31 ms
2026-09-10 19:34:00,61 ms,48 ms,46 ms,29 ms
2026-09-10 19:34:30,54 ms,48 ms,47 ms,31 ms
2026-09-10 19:35:00,184 ms,49 ms,47 ms,33 ms
2026-09-10 19:35:30,186 ms,50 ms,48 ms,33 ms
2026-09-10 19:36:00,169 ms,72 ms,49 ms,31 ms
2026-09-10 19:36:30,362 ms,92 ms,65 ms,33 ms
2026-09-10 19:37:00,362 ms,85 ms,62 ms,35 ms
2026-09-10 19:37:30,95 ms,73 ms,50 ms,36 ms
2026-09-10 19:38:00,88 ms,50 ms,48 ms,32 ms
2026-09-10 19:38:30,188 ms,49 ms,47 ms,32 ms
2026-09-10 19:39:00,222 ms,111 ms,48 ms,35 ms
2026-09-10 19:39:30,217 ms,50 ms,48 ms,32 ms
2026-09-10 19:40:00,184 ms,49 ms,47 ms,32 ms
2026-09-10 19:40:30,79 ms,49 ms,47 ms,32 ms
2026-09-10 19:41:00,78 ms,49 ms,47 ms,31 ms
2026-09-10 19:41:30,50 ms,48 ms,46 ms,32 ms
2026-09-10 19:42:00,91 ms,57 ms,48 ms,31 ms
2026-09-10 19:42:30,174 ms,81 ms,50 ms,32 ms
2026-09-10 19:43:00,179 ms,66 ms,49 ms,36 ms
2026-09-10 19:43:30,88 ms,50 ms,48 ms,35 ms
2026-09-10 19:44:00,94 ms,72 ms,50 ms,35 ms
2026-09-10 19:44:30,91 ms,58 ms,49 ms,36 ms
2026-09-10 19:45:00,79 ms,49 ms,47 ms,34 ms
2026-09-10 19:45:30,79 ms,49 ms,47 ms,34 ms
2026-09-10 19:46:00,79 ms,49 ms,47 ms,30 ms
2026-09-10 19:46:30,88 ms,50 ms,47 ms,29 ms
2026-09-10 19:47:00,88 ms,50 ms,48 ms,31 ms
2026-09-10 19:47:30,174 ms,83 ms,54 ms,32 ms
2026-09-10 19:48:00,167 ms,84 ms,59 ms,33 ms
2026-09-10 19:48:30,86 ms,50 ms,48 ms,32 ms
2026-09-10 19:49:00,50 ms,49 ms,47 ms,32 ms
2026-09-10 19:49:30,58 ms,49 ms,47 ms,33 ms
2026-09-10 19:50:00,88 ms,50 ms,48 ms,31 ms
2026-09-10 19:50:30,87 ms,50 ms,48 ms,33 ms
2026-09-10 19:51:00,182 ms,69 ms,49 ms,34 ms
2026-09-10 19:51:30,218 ms,96 ms,50 ms,32 ms
2026-09-10 19:52:00,179 ms,49 ms,47 ms,32 ms
2026-09-10 19:52:30,91 ms,56 ms,48 ms,30 ms
2026-09-10 19:53:00,169 ms,72 ms,49 ms,31 ms
2026-09-10 19:53:30,182 ms,58 ms,48 ms,33 ms
2026-09-10 19:54:00,92 ms,60 ms,48 ms,31 ms
2026-09-10 19:54:30,186 ms,71 ms,49 ms,32 ms
2026-09-10 19:55:00,187 ms,72 ms,49 ms,32 ms
2026-09-10 19:55:30,187 ms,82 ms,50 ms,33 ms
2026-09-10 19:56:00,186 ms,86 ms,59 ms,35 ms
2026-09-10 19:56:30,88 ms,50 ms,48 ms,31 ms
2026-09-10 19:57:00,50 ms,48 ms,46 ms,28 ms
2026-09-10 19:57:30,76 ms,49 ms,47 ms,32 ms
2026-09-10 19:58:00,92 ms,62 ms,49 ms,33 ms
2026-09-10 19:58:30,213 ms,89 ms,49 ms,34 ms
2026-09-10 19:59:00,214 ms,50 ms,48 ms,33 ms
2026-09-10 19:59:30,182 ms,49 ms,48 ms,33 ms
2026-09-10 20:00:00,218 ms,95 ms,49 ms,35 ms
2026-09-10 20:00:30,186 ms,50 ms,48 ms,31 ms
2026-09-10 20:01:00,178 ms,50 ms,48 ms,30 ms
2026-09-10 20:01:30,215 ms,82 ms,49 ms,33 ms
2026-09-10 20:02:00,187 ms,72 ms,49 ms,32 ms
2026-09-10 20:02:30,96 ms,81 ms,62 ms,30 ms
2026-09-10 20:03:00,92 ms,62 ms,48 ms,30 ms
2026-09-10 20:03:30,88 ms,50 ms,48 ms,31 ms
2026-09-10 20:04:00,72 ms,49 ms,47 ms,33 ms
2026-09-10 20:04:30,72 ms,49 ms,47 ms,34 ms
2026-09-10 20:05:00,78 ms,49 ms,47 ms,33 ms
2026-09-10 20:05:30,93 ms,67 ms,49 ms,34 ms
2026-09-10 20:06:00,92 ms,61 ms,49 ms,32 ms
2026-09-10 20:06:30,77 ms,49 ms,47 ms,30 ms
2026-09-10 20:07:00,80 ms,49 ms,46 ms,27 ms
2026-09-10 20:07:30,92 ms,62 ms,47 ms,20 ms
2026-09-10 20:08:00,95 ms,75 ms,50 ms,21 ms
2026-09-10 20:08:30,87 ms,49 ms,46 ms,20 ms
2026-09-10 20:09:00,49 ms,47 ms,44 ms,21 ms
2026-09-10 20:09:30,50 ms,48 ms,45 ms,27 ms
2026-09-10 20:10:00,79 ms,49 ms,46 ms,26 ms
2026-09-10 20:10:30,79 ms,48 ms,46 ms,24 ms
2026-09-10 20:11:00,80 ms,48 ms,45 ms,21 ms
2026-09-10 20:11:30,88 ms,50 ms,47 ms,27 ms
2026-09-10 20:12:00,88 ms,50 ms,47 ms,30 ms
2026-09-10 20:12:30,89 ms,50 ms,47 ms,27 ms
2026-09-10 20:13:00,190 ms,75 ms,48 ms,24 ms
2026-09-10 20:13:30,180 ms,66 ms,48 ms,24 ms
2026-09-10 20:14:00,96 ms,80 ms,61 ms,29 ms
2026-09-10 20:14:30,97 ms,84 ms,68 ms,27 ms
2026-09-10 20:15:00,94 ms,71 ms,49 ms,23 ms
2026-09-10 20:15:30,93 ms,67 ms,49 ms,27 ms
2026-09-10 20:16:00,393 ms,97 ms,54 ms,29 ms
2026-09-10 20:16:30,393 ms,164 ms,84 ms,32 ms
2026-09-10 20:17:00,408 ms,123 ms,72 ms,29 ms
2026-09-10 20:17:30,457 ms,288 ms,93 ms,24 ms
2026-09-10 20:18:00,468 ms,342 ms,190 ms,29 ms
2026-09-10 20:18:30,445 ms,235 ms,93 ms,32 ms
2026-09-10 20:19:00,180 ms,85 ms,59 ms,31 ms
2026-09-10 20:19:30,182 ms,82 ms,50 ms,28 ms
2026-09-10 20:20:00,195 ms,89 ms,66 ms,26 ms
2026-09-10 20:20:30,95 ms,74 ms,50 ms,24 ms
2026-09-10 20:21:00,390 ms,80 ms,49 ms,24 ms
2026-09-10 20:21:30,397 ms,83 ms,50 ms,24 ms
2026-09-10 20:22:00,94 ms,71 ms,49 ms,27 ms
2026-09-10 20:22:30,442 ms,96 ms,67 ms,32 ms
2026-09-10 20:23:00,444 ms,212 ms,63 ms,34 ms
2026-09-10 20:23:30,380 ms,90 ms,49 ms,31 ms
2026-09-10 20:24:00,387 ms,97 ms,69 ms,29 ms
2026-09-10 20:24:30,187 ms,82 ms,50 ms,32 ms
2026-09-10 20:25:00,206 ms,86 ms,50 ms,33 ms
2026-09-10 20:25:30,206 ms,94 ms,74 ms,33 ms
2026-09-10 20:26:00,182 ms,90 ms,71 ms,33 ms
2026-09-10 20:26:30,219 ms,99 ms,65 ms,32 ms
2026-09-10 20:27:00,453 ms,262 ms,160 ms,34 ms
2026-09-10 20:27:30,477 ms,385 ms,270 ms,36 ms
2026-09-10 20:28:00,459 ms,296 ms,155 ms,34 ms
2026-09-10 20:28:30,182 ms,90 ms,71 ms,33 ms
2026-09-10 20:29:00,97 ms,86 ms,72 ms,33 ms
2026-09-10 20:29:30,97 ms,86 ms,71 ms,34 ms
2026-09-10 20:30:00,96 ms,80 ms,59 ms,34 ms
2026-09-10 20:30:30,397 ms,90 ms,69 ms,34 ms
2026-09-10 20:31:00,383 ms,83 ms,54 ms,30 ms
2026-09-10 20:31:30,385 ms,93 ms,49 ms,28 ms
2026-09-10 20:32:00,390 ms,160 ms,83 ms,33 ms
2026-09-10 20:32:30,185 ms,90 ms,73 ms,33 ms
2026-09-10 20:33:00,96 ms,82 ms,63 ms,33 ms
2026-09-10 20:33:30,760 ms,91 ms,76 ms,34 ms
2026-09-10 20:34:00,897 ms,99 ms,79 ms,34 ms
2026-09-10 20:34:30,810 ms,275 ms,55 ms,33 ms
2026-09-10 20:35:00,393 ms,98 ms,71 ms,31 ms
2026-09-10 20:35:30,184 ms,85 ms,58 ms,32 ms
2026-09-10 20:36:00,97 ms,84 ms,69 ms,35 ms
2026-09-10 20:36:30,97 ms,86 ms,71 ms,35 ms
2026-09-10 20:37:00,97 ms,83 ms,66 ms,35 ms
2026-09-10 20:37:30,95 ms,76 ms,52 ms,32 ms
2026-09-10 20:38:00,90 ms,50 ms,48 ms,31 ms
2026-09-10 20:38:30,91 ms,52 ms,48 ms,31 ms
2026-09-10 20:39:00,400 ms,100 ms,75 ms,34 ms
2026-09-10 20:39:30,405 ms,183 ms,92 ms,37 ms
2026-09-10 20:40:00,190 ms,92 ms,75 ms,34 ms
2026-09-10 20:40:30,188 ms,87 ms,61 ms,27 ms
2026-09-10 20:41:00,218 ms,92 ms,49 ms,29 ms
2026-09-10 20:41:30,215 ms,50 ms,48 ms,31 ms
2026-09-10 20:42:00,370 ms,130 ms,63 ms,30 ms
2026-09-10 20:42:30,457 ms,287 ms,86 ms,31 ms
2026-09-10 20:43:00,470 ms,350 ms,60 ms,30 ms
2026-09-10 20:43:30,457 ms,283 ms,88 ms,33 ms
2026-09-10 20:44:00,438 ms,175 ms,80 ms,35 ms
2026-09-10 20:44:30,380 ms,65 ms,48 ms,31 ms
2026-09-10 20:45:00,181 ms,87 ms,64 ms,33 ms
2026-09-10 20:45:30,228 ms,140 ms,86 ms,37 ms
2026-09-10 20:46:00,220 ms,100 ms,67 ms,32 ms
2026-09-10 20:46:30,97 ms,83 ms,66 ms,34 ms
2026-09-10 20:47:00,97 ms,83 ms,65 ms,31 ms
2026-09-10 20:47:30,93 ms,65 ms,49 ms,28 ms
2026-09-10 20:48:00,184 ms,90 ms,72 ms,36 ms
2026-09-10 20:48:30,462 ms,308 ms,96 ms,39 ms
2026-09-10 20:49:00,770 ms,392 ms,205 ms,40 ms
2026-09-10 20:49:30,760 ms,230 ms,110 ms,38 ms
2026-09-10 20:50:00,365 ms,97 ms,83 ms,36 ms
2026-09-10 20:50:30,166 ms,90 ms,74 ms,34 ms
2026-09-10 20:51:00,463 ms,316 ms,155 ms,36 ms
2026-09-10 20:51:30,466 ms,331 ms,145 ms,38 ms
2026-09-10 20:52:00,212 ms,95 ms,69 ms,35 ms
2026-09-10 20:52:30,725 ms,119 ms,50 ms,33 ms
2026-09-10 20:53:00,740 ms,85 ms,49 ms,33 ms
2026-09-10 20:53:30,438 ms,175 ms,49 ms,33 ms
2026-09-10 20:54:00,370 ms,85 ms,49 ms,34 ms
2026-09-10 20:54:30,730 ms,86 ms,63 ms,36 ms
2026-09-10 20:55:00,725 ms,194 ms,91 ms,38 ms
2026-09-10 20:55:30,440 ms,220 ms,93 ms,37 ms
2026-09-10 20:56:00,444 ms,94 ms,50 ms,32 ms
2026-09-10 20:56:30,353 ms,88 ms,51 ms,33 ms
2026-09-10 20:57:00,347 ms,92 ms,68 ms,34 ms
2026-09-10 20:57:30,362 ms,93 ms,68 ms,32 ms
2026-09-10 20:58:00,178 ms,82 ms,53 ms,30 ms
2026-09-10 20:58:30,218 ms,96 ms,50 ms,32 ms
2026-09-10 20:59:00,383 ms,149 ms,79 ms,34 ms
2026-09-10 20:59:30,438 ms,94 ms,62 ms,29 ms
2026-09-10 21:00:00,350 ms,100 ms,70 ms,33 ms
2026-09-10 21:00:30,210 ms,93 ms,67 ms,35 ms
2026-09-10 21:01:00,438 ms,75 ms,48 ms,30 ms
2026-09-10 21:01:30,422 ms,82 ms,49 ms,28 ms
2026-09-10 21:02:00,345 ms,91 ms,65 ms,31 ms
2026-09-10 21:02:30,358 ms,93 ms,69 ms,34 ms
2026-09-10 21:03:00,735 ms,94 ms,67 ms,34 ms
2026-09-10 21:03:30,740 ms,300 ms,88 ms,35 ms
2026-09-10 21:04:00,434 ms,96 ms,82 ms,37 ms
2026-09-10 21:04:30,215 ms,98 ms,83 ms,37 ms
2026-09-10 21:05:00,232 ms,162 ms,94 ms,34 ms
2026-09-10 21:05:30,427 ms,205 ms,95 ms,36 ms
2026-09-10 21:06:00,426 ms,179 ms,85 ms,36 ms
2026-09-10 21:06:30,208 ms,94 ms,74 ms,35 ms
2026-09-10 21:07:00,168 ms,83 ms,55 ms,34 ms
2026-09-10 21:07:30,358 ms,79 ms,49 ms,32 ms
2026-09-10 21:08:00,424 ms,99 ms,50 ms,31 ms
2026-09-10 21:08:30,426 ms,90 ms,61 ms,33 ms
2026-09-10 21:09:00,910 ms,550 ms,180 ms,38 ms
2026-09-10 21:09:30,945 ms,725 ms,231 ms,38 ms
2026-09-10 21:10:00,867 ms,201 ms,92 ms,32 ms
2026-09-10 21:10:30,380 ms,97 ms,77 ms,30 ms
2026-09-10 21:11:00,368 ms,89 ms,71 ms,34 ms
2026-09-10 21:11:30,96 ms,82 ms,64 ms,34 ms
2026-09-10 21:12:00,95 ms,72 ms,50 ms,33 ms
2026-09-10 21:12:30,464 ms,321 ms,89 ms,36 ms
2026-09-10 21:13:00,475 ms,375 ms,250 ms,38 ms
2026-09-10 21:13:30,457 ms,283 ms,85 ms,35 ms
2026-09-10 21:14:00,430 ms,93 ms,67 ms,33 ms
2026-09-10 21:14:30,363 ms,97 ms,85 ms,38 ms
2026-09-10 21:15:00,373 ms,192 ms,99 ms,38 ms
2026-09-10 21:15:30,715 ms,218 ms,111 ms,28 ms
2026-09-10 21:16:00,725 ms,87 ms,50 ms,29 ms
2026-09-10 21:16:30,380 ms,94 ms,60 ms,32 ms
2026-09-10 21:17:00,435 ms,160 ms,49 ms,32 ms
2026-09-10 21:17:30,454 ms,271 ms,81 ms,34 ms
2026-09-10 21:18:00,435 ms,205 ms,93 ms,37 ms
2026-09-10 21:18:30,213 ms,97 ms,78 ms,34 ms
2026-09-10 21:19:00,171 ms,49 ms,47 ms,27 ms
2026-09-10 21:19:30,210 ms,83 ms,49 ms,31 ms
2026-09-10 21:20:00,429 ms,186 ms,83 ms,35 ms
2026-09-10 21:20:30,421 ms,99 ms,76 ms,34 ms
2026-09-10 21:21:00,160 ms,83 ms,58 ms,33 ms
2026-09-10 21:21:30,363 ms,91 ms,78 ms,36 ms
2026-09-10 21:22:00,377 ms,92 ms,78 ms,36 ms
2026-09-10 21:22:30,462 ms,312 ms,63 ms,31 ms
2026-09-10 21:23:00,462 ms,312 ms,88 ms,31 ms
2026-09-10 21:23:30,454 ms,271 ms,94 ms,35 ms
2026-09-10 21:24:00,455 ms,275 ms,83 ms,37 ms
2026-09-10 21:24:30,88 ms,50 ms,48 ms,32 ms
2026-09-10 21:25:00,93 ms,67 ms,49 ms,32 ms
2026-09-10 21:25:30,426 ms,91 ms,61 ms,34 ms
2026-09-10 21:26:00,425 ms,100 ms,70 ms,34 ms
2026-09-10 21:26:30,206 ms,94 ms,76 ms,37 ms
2026-09-10 21:27:00,158 ms,89 ms,72 ms,36 ms
2026-09-10 21:27:30,95 ms,77 ms,54 ms,33 ms
2026-09-10 21:28:00,380 ms,83 ms,53 ms,35 ms
2026-09-10 21:28:30,760 ms,383 ms,190 ms,36 ms
2026-09-10 21:29:00,750 ms,312 ms,100 ms,33 ms
2026-09-10 21:29:30,168 ms,83 ms,55 ms,32 ms
2026-09-10 21:30:00,177 ms,50 ms,48 ms,31 ms
2026-09-10 21:30:30,92 ms,62 ms,49 ms,32 ms
2026-09-10 21:31:00,94 ms,69 ms,49 ms,31 ms
2026-09-10 21:31:30,225 ms,125 ms,49 ms,28 ms
2026-09-10 21:32:00,352 ms,152 ms,76 ms,33 ms
2026-09-10 21:32:30,347 ms,87 ms,50 ms,33 ms
2026-09-10 21:33:00,210 ms,49 ms,48 ms,32 ms
2026-09-10 21:33:30,172 ms,60 ms,48 ms,32 ms
2026-09-10 21:34:00,213 ms,96 ms,76 ms,35 ms
2026-09-10 21:34:30,213 ms,98 ms,84 ms,37 ms
2026-09-10 21:35:00,730 ms,145 ms,80 ms,35 ms
2026-09-10 21:35:30,725 ms,138 ms,58 ms,35 ms
2026-09-10 21:36:00,375 ms,85 ms,60 ms,35 ms
2026-09-10 21:36:30,750 ms,96 ms,79 ms,36 ms
2026-09-10 21:37:00,745 ms,93 ms,81 ms,36 ms
2026-09-10 21:37:30,430 ms,130 ms,84 ms,36 ms
2026-09-10 21:38:00,710 ms,262 ms,85 ms,34 ms
2026-09-10 21:38:30,725 ms,88 ms,68 ms,34 ms
2026-09-10 21:39:00,95 ms,76 ms,52 ms,33 ms
2026-09-10 21:39:30,370 ms,87 ms,65 ms,33 ms
2026-09-10 21:40:00,380 ms,96 ms,72 ms,32 ms
2026-09-10 21:40:30,377 ms,97 ms,79 ms,35 ms
2026-09-10 21:41:00,380 ms,145 ms,85 ms,35 ms
2026-09-10 21:41:30,730 ms,123 ms,87 ms,35 ms
2026-09-10 21:42:00,745 ms,306 ms,85 ms,35 ms
2026-09-10 21:42:30,445 ms,90 ms,49 ms,32 ms
2026-09-10 21:43:00,92 ms,62 ms,49 ms,33 ms
2026-09-10 21:43:30,172 ms,84 ms,58 ms,32 ms
2026-09-10 21:44:00,166 ms,89 ms,71 ms,35 ms
2026-09-10 21:44:30,96 ms,78 ms,56 ms,34 ms
2026-09-10 21:45:00,88 ms,50 ms,48 ms,33 ms
2026-09-10 21:45:30,164 ms,77 ms,50 ms,34 ms
2026-09-10 21:46:00,340 ms,97 ms,58 ms,33 ms
2026-09-10 21:46:30,367 ms,167 ms,68 ms,33 ms
2026-09-10 21:47:00,215 ms,94 ms,55 ms,32 ms
2026-09-10 21:47:30,208 ms,87 ms,50 ms,32 ms
2026-09-10 21:48:00,209 ms,65 ms,48 ms,34 ms
2026-09-10 21:48:30,216 ms,50 ms,48 ms,32 ms
2026-09-10 21:49:00,231 ms,156 ms,75 ms,29 ms
2026-09-10 21:49:30,720 ms,160 ms,60 ms,30 ms
2026-09-10 21:50:00,715 ms,86 ms,50 ms,34 ms
2026-09-10 21:50:30,464 ms,319 ms,82 ms,34 ms
2026-09-10 21:51:00,463 ms,316 ms,108 ms,36 ms
2026-09-10 21:51:30,715 ms,157 ms,91 ms,37 ms
2026-09-10 21:52:00,740 ms,94 ms,68 ms,32 ms
2026-09-10 21:52:30,178 ms,92 ms,79 ms,35 ms
2026-09-10 21:53:00,374 ms,97 ms,83 ms,37 ms
2026-09-10 21:53:30,365 ms,95 ms,76 ms,35 ms
2026-09-10 21:54:00,162 ms,92 ms,80 ms,37 ms
2026-09-10 21:54:30,843 ms,95 ms,80 ms,34 ms
2026-09-10 21:55:00,870 ms,160 ms,63 ms,29 ms
2026-09-10 21:55:30,170 ms,79 ms,50 ms,30 ms
2026-09-10 21:56:00,426 ms,107 ms,79 ms,35 ms
2026-09-10 21:56:30,467 ms,334 ms,185 ms,37 ms
2026-09-10 21:57:00,435 ms,220 ms,98 ms,36 ms
2026-09-10 21:57:30,434 ms,217 ms,96 ms,36 ms
2026-09-10 21:58:00,441 ms,224 ms,93 ms,36 ms
2026-09-10 21:58:30,442 ms,98 ms,78 ms,37 ms
2026-09-10 21:59:00,456 ms,279 ms,84 ms,32 ms
2026-09-10 21:59:30,378 ms,95 ms,71 ms,32 ms
2026-09-10 22:00:00,179 ms,92 ms,77 ms,37 ms
2026-09-10 22:00:30,459 ms,296 ms,93 ms,36 ms
2026-09-10 22:01:00,458 ms,292 ms,67 ms,34 ms
2026-09-10 22:01:30,462 ms,312 ms,88 ms,34 ms
2026-09-10 22:02:00,780 ms,400 ms,190 ms,35 ms
2026-09-10 22:02:30,715 ms,111 ms,55 ms,34 ms
2026-09-10 22:03:00,245 ms,103 ms,49 ms,31 ms
2026-09-10 22:03:30,255 ms,94 ms,64 ms,34 ms
2026-09-10 22:04:00,211 ms,90 ms,50 ms,33 ms
2026-09-10 22:04:30,375 ms,50 ms,47 ms,29 ms
2026-09-10 22:05:00,372 ms,134 ms,79 ms,33 ms
2026-09-10 22:05:30,430 ms,210 ms,95 ms,34 ms
2026-09-10 22:06:00,435 ms,160 ms,82 ms,33 ms
2026-09-10 22:06:30,375 ms,91 ms,75 ms,34 ms
2026-09-10 22:07:00,375 ms,85 ms,60 ms,30 ms
2026-09-10 22:07:30,169 ms,79 ms,50 ms,31 ms
2026-09-10 22:08:00,166 ms,82 ms,54 ms,33 ms
2026-09-10 22:08:30,448 ms,242 ms,85 ms,31 ms
2026-09-10 22:09:00,451 ms,254 ms,105 ms,32 ms
2026-09-10 22:09:30,178 ms,65 ms,49 ms,33 ms
2026-09-10 22:10:00,164 ms,86 ms,64 ms,34 ms
2026-09-10 22:10:30,365 ms,122 ms,84 ms,36 ms
2026-09-10 22:11:00,378 ms,96 ms,76 ms,33 ms
2026-09-10 22:11:30,352 ms,80 ms,51 ms,30 ms
2026-09-10 22:12:00,363 ms,92 ms,61 ms,33 ms
2026-09-10 22:12:30,378 ms,97 ms,78 ms,35 ms
2026-09-10 22:13:00,370 ms,95 ms,71 ms,33 ms
2026-09-10 22:13:30,172 ms,82 ms,53 ms,32 ms
2026-09-10 22:14:00,431 ms,138 ms,79 ms,35 ms
2026-09-10 22:14:30,449 ms,242 ms,87 ms,36 ms
2026-09-10 22:15:00,455 ms,275 ms,83 ms,35 ms
2026-09-10 22:15:30,440 ms,190 ms,49 ms,34 ms
2026-09-10 22:16:00,94 ms,70 ms,49 ms,34 ms
2026-09-10 22:16:30,95 ms,77 ms,53 ms,35 ms
2026-09-10 22:17:00,96 ms,80 ms,60 ms,34 ms
2026-09-10 22:17:30,375 ms,88 ms,67 ms,33 ms
2026-09-10 22:18:00,372 ms,94 ms,66 ms,35 ms
2026-09-10 22:18:30,2 s,92 ms,50 ms,35 ms
2026-09-10 22:19:00,2 s,96 ms,50 ms,34 ms
2026-09-10 22:19:30,436 ms,209 ms,86 ms,33 ms
2026-09-10 22:20:00,464 ms,322 ms,123 ms,32 ms
2026-09-10 22:20:30,432 ms,145 ms,50 ms,34 ms
2026-09-10 22:21:00,429 ms,123 ms,73 ms,36 ms
2026-09-10 22:21:30,427 ms,115 ms,53 ms,32 ms
2026-09-10 22:22:00,220 ms,50 ms,48 ms,29 ms
2026-09-10 22:22:30,230 ms,151 ms,78 ms,33 ms
2026-09-10 22:23:00,380 ms,180 ms,90 ms,33 ms
2026-09-10 22:23:30,352 ms,177 ms,85 ms,33 ms
2026-09-10 22:24:00,350 ms,150 ms,67 ms,34 ms
2026-09-10 22:24:30,365 ms,165 ms,77 ms,34 ms
2026-09-10 22:25:00,212 ms,96 ms,78 ms,36 ms
2026-09-10 22:25:30,365 ms,96 ms,79 ms,36 ms
2026-09-10 22:26:00,350 ms,90 ms,60 ms,34 ms
2026-09-10 22:26:30,434 ms,153 ms,77 ms,36 ms
2026-09-10 22:27:00,434 ms,201 ms,89 ms,36 ms
2026-09-10 22:27:30,163 ms,89 ms,73 ms,34 ms
2026-09-10 22:28:00,372 ms,91 ms,77 ms,34 ms
2026-09-10 22:28:30,377 ms,85 ms,61 ms,33 ms
2026-09-10 22:29:00,176 ms,76 ms,49 ms,29 ms
2026-09-10 22:29:30,740 ms,170 ms,50 ms,30 ms
2026-09-10 22:30:00,725 ms,163 ms,81 ms,34 ms
2026-09-10 22:30:30,223 ms,115 ms,85 ms,36 ms
2026-09-10 22:31:00,212 ms,95 ms,74 ms,35 ms
2026-09-10 22:31:30,365 ms,91 ms,58 ms,33 ms
2026-09-10 22:32:00,355 ms,155 ms,78 ms,33 ms
2026-09-10 22:32:30,222 ms,107 ms,55 ms,33 ms
2026-09-10 22:33:00,169 ms,83 ms,56 ms,33 ms
2026-09-10 22:33:30,212 ms,97 ms,83 ms,35 ms
2026-09-10 22:34:00,438 ms,212 ms,94 ms,37 ms
2026-09-10 22:34:30,440 ms,95 ms,65 ms,36 ms
2026-09-10 22:35:00,185 ms,86 ms,59 ms,34 ms
2026-09-10 22:35:30,372 ms,96 ms,78 ms,34 ms
2026-09-10 22:36:00,363 ms,95 ms,75 ms,36 ms
2026-09-10 22:36:30,387 ms,96 ms,58 ms,34 ms
2026-09-10 22:37:00,380 ms,65 ms,48 ms,30 ms
2026-09-10 22:37:30,93 ms,66 ms,49 ms,31 ms
2026-09-10 22:38:00,427 ms,93 ms,68 ms,32 ms
2026-09-10 22:38:30,426 ms,107 ms,84 ms,34 ms
2026-09-10 22:39:00,355 ms,94 ms,73 ms,34 ms
2026-09-10 22:39:30,370 ms,96 ms,77 ms,35 ms
2026-09-10 22:40:00,367 ms,126 ms,84 ms,35 ms
2026-09-10 22:40:30,348 ms,100 ms,78 ms,34 ms
2026-09-10 22:41:00,168 ms,91 ms,78 ms,37 ms
2026-09-10 22:41:30,730 ms,415 ms,280 ms,36 ms
2026-09-10 22:42:00,730 ms,439 ms,343 ms,34 ms
2026-09-10 22:42:30,446 ms,99 ms,81 ms,32 ms
2026-09-10 22:43:00,178 ms,86 ms,62 ms,33 ms
2026-09-10 22:43:30,219 ms,99 ms,80 ms,36 ms
2026-09-10 22:44:00,204 ms,94 ms,77 ms,36 ms
2026-09-10 22:44:30,166 ms,92 ms,79 ms,39 ms
2026-09-10 22:45:00,174 ms,92 ms,80 ms,38 ms
2026-09-10 22:45:30,174 ms,85 ms,59 ms,32 ms
2026-09-10 22:46:00,435 ms,160 ms,78 ms,34 ms
2026-09-10 22:46:30,442 ms,97 ms,78 ms,34 ms
2026-09-10 22:47:00,372 ms,95 ms,69 ms,31 ms
2026-09-10 22:47:30,355 ms,108 ms,77 ms,35 ms
2026-09-10 22:48:00,175 ms,87 ms,67 ms,37 ms
2026-09-10 22:48:30,180 ms,66 ms,49 ms,34 ms
2026-09-10 22:49:00,206 ms,77 ms,49 ms,31 ms
2026-09-10 22:49:30,166 ms,77 ms,50 ms,32 ms
2026-09-10 22:50:00,363 ms,93 ms,65 ms,34 ms
2026-09-10 22:50:30,353 ms,93 ms,72 ms,35 ms
2026-09-10 22:51:00,97 ms,83 ms,66 ms,34 ms
2026-09-10 22:51:30,440 ms,95 ms,65 ms,33 ms
2026-09-10 22:52:00,444 ms,97 ms,69 ms,32 ms
2026-09-10 22:52:30,438 ms,213 ms,93 ms,34 ms
2026-09-10 22:53:00,870 ms,425 ms,160 ms,35 ms
2026-09-10 22:53:30,855 ms,89 ms,53 ms,32 ms
2026-09-10 22:54:00,162 ms,84 ms,59 ms,31 ms
2026-09-10 22:54:30,370 ms,94 ms,68 ms,32 ms
2026-09-10 22:55:00,362 ms,88 ms,68 ms,34 ms
2026-09-10 22:55:30,2 s,96 ms,79 ms,35 ms
2026-09-10 22:56:00,2 s,256 ms,89 ms,32 ms
2026-09-10 22:56:30,348 ms,99 ms,50 ms,31 ms
2026-09-10 22:57:00,206 ms,92 ms,68 ms,34 ms
2026-09-10 22:57:30,230 ms,152 ms,91 ms,37 ms
2026-09-10 22:58:00,378 ms,177 ms,91 ms,35 ms
2026-09-10 22:58:30,429 ms,122 ms,66 ms,29 ms
2026-09-10 22:59:00,434 ms,153 ms,62 ms,31 ms
2026-09-10 22:59:30,375 ms,137 ms,75 ms,34 ms
2026-09-10 23:00:00,370 ms,130 ms,85 ms,35 ms
2026-09-10 23:00:30,456 ms,279 ms,91 ms,36 ms
2026-09-10 23:01:00,433 ms,215 ms,98 ms,38 ms
2026-09-10 23:01:30,223 ms,118 ms,90 ms,38 ms
2026-09-10 23:02:00,207 ms,96 ms,82 ms,34 ms
2026-09-10 23:02:30,350 ms,150 ms,83 ms,33 ms
2026-09-10 23:03:00,360 ms,115 ms,50 ms,32 ms
2026-09-10 23:03:30,208 ms,89 ms,50 ms,34 ms
2026-09-10 23:04:00,172 ms,80 ms,50 ms,36 ms
2026-09-10 23:04:30,385 ms,96 ms,67 ms,35 ms
2026-09-10 23:05:00,435 ms,205 ms,88 ms,33 ms
2026-09-10 23:05:30,363 ms,95 ms,78 ms,34 ms
2026-09-10 23:06:00,98 ms,87 ms,75 ms,36 ms
2026-09-10 23:06:30,210 ms,94 ms,72 ms,35 ms
2026-09-10 23:07:00,215 ms,85 ms,49 ms,33 ms
2026-09-10 23:07:30,179 ms,86 ms,63 ms,33 ms
2026-09-10 23:08:00,370 ms,130 ms,86 ms,35 ms
2026-09-10 23:08:30,430 ms,190 ms,87 ms,36 ms
2026-09-10 23:09:00,429 ms,207 ms,91 ms,36 ms
2026-09-10 23:09:30,457 ms,287 ms,145 ms,35 ms
2026-09-10 23:10:00,438 ms,175 ms,50 ms,31 ms
2026-09-10 23:10:30,88 ms,50 ms,47 ms,30 ms
2026-09-10 23:11:00,171 ms,84 ms,57 ms,33 ms
2026-09-10 23:11:30,164 ms,85 ms,61 ms,33 ms
2026-09-10 23:12:00,434 ms,84 ms,49 ms,32 ms
2026-09-10 23:12:30,463 ms,316 ms,53 ms,32 ms
2026-09-10 23:13:00,425 ms,200 ms,92 ms,36 ms
2026-09-10 23:13:30,227 ms,136 ms,87 ms,37 ms
2026-09-10 23:14:00,685 ms,98 ms,59 ms,33 ms
2026-09-10 23:14:30,715 ms,111 ms,73 ms,33 ms
2026-09-10 23:15:00,210 ms,94 ms,67 ms,32 ms
2026-09-10 23:15:30,745 ms,167 ms,50 ms,32 ms
2026-09-10 23:16:00,860 ms,300 ms,86 ms,36 ms
2026-09-10 23:16:30,705 ms,96 ms,82 ms,35 ms
2026-09-10 23:17:00,355 ms,155 ms,85 ms,36 ms
2026-09-10 23:17:30,457 ms,283 ms,97 ms,37 ms
2026-09-10 23:18:00,436 ms,91 ms,50 ms,30 ms
2026-09-10 23:18:30,350 ms,94 ms,75 ms,32 ms
2026-09-10 23:19:00,347 ms,93 ms,74 ms,35 ms
2026-09-10 23:19:30,91 ms,54 ms,48 ms,31 ms
2026-09-10 23:20:00,750 ms,81 ms,50 ms,32 ms
2026-09-10 23:20:30,755 ms,97 ms,79 ms,32 ms
2026-09-10 23:21:00,227 ms,135 ms,80 ms,31 ms
2026-09-10 23:21:30,216 ms,97 ms,74 ms,35 ms
2026-09-10 23:22:00,383 ms,92 ms,77 ms,35 ms
2026-09-10 23:22:30,385 ms,98 ms,78 ms,34 ms
2026-09-10 23:23:00,215 ms,98 ms,78 ms,38 ms
2026-09-10 23:23:30,785 ms,98 ms,77 ms,37 ms
2026-09-10 23:24:00,755 ms,89 ms,49 ms,33 ms
2026-09-10 23:24:30,429 ms,207 ms,88 ms,35 ms
2026-09-10 23:25:00,426 ms,179 ms,81 ms,34 ms
2026-09-10 23:25:30,848 ms,83 ms,49 ms,33 ms
2026-09-10 23:26:00,857 ms,394 ms,83 ms,35 ms
2026-09-10 23:26:30,429 ms,122 ms,55 ms,32 ms
2026-09-10 23:27:00,165 ms,77 ms,49 ms,32 ms
2026-09-10 23:27:30,368 ms,201 ms,121 ms,38 ms
2026-09-10 23:28:00,436 ms,229 ms,134 ms,36 ms
2026-09-10 23:28:30,432 ms,82 ms,49 ms,33 ms
2026-09-10 23:29:00,375 ms,62 ms,48 ms,33 ms
2026-09-10 23:29:30,226 ms,127 ms,68 ms,35 ms
2026-09-10 23:30:00,905 ms,525 ms,115 ms,37 ms
2026-09-10 23:30:30,907 ms,533 ms,93 ms,35 ms
2026-09-10 23:31:00,436 ms,91 ms,50 ms,31 ms
2026-09-10 23:31:30,175 ms,75 ms,49 ms,29 ms
2026-09-10 23:32:00,169 ms,83 ms,56 ms,33 ms
2026-09-10 23:32:30,169 ms,88 ms,69 ms,35 ms
2026-09-10 23:33:00,715 ms,157 ms,88 ms,35 ms
2026-09-10 23:33:30,745 ms,172 ms,89 ms,34 ms
2026-09-10 23:34:00,176 ms,85 ms,61 ms,31 ms
2026-09-10 23:34:30,365 ms,79 ms,50 ms,29 ms
2026-09-10 23:35:00,362 ms,78 ms,50 ms,31 ms
2026-09-10 23:35:30,96 ms,78 ms,56 ms,32 ms
2026-09-10 23:36:00,377 ms,177 ms,94 ms,37 ms
2026-09-10 23:36:30,365 ms,165 ms,92 ms,38 ms
2026-09-10 23:37:00,223 ms,112 ms,84 ms,38 ms
2026-09-10 23:37:30,230 ms,151 ms,88 ms,38 ms
2026-09-10 23:38:00,209 ms,93 ms,68 ms,37 ms
2026-09-10 23:38:30,163 ms,88 ms,70 ms,36 ms
2026-09-10 23:39:00,166 ms,87 ms,67 ms,34 ms
2026-09-10 23:39:30,393 ms,97 ms,62 ms,33 ms
2026-09-10 23:40:00,2 s,337 ms,73 ms,32 ms
2026-09-10 23:40:30,2 s,91 ms,62 ms,32 ms
2026-09-10 23:41:00,720 ms,80 ms,49 ms,32 ms
2026-09-10 23:41:30,720 ms,275 ms,90 ms,34 ms
2026-09-10 23:42:00,431 ms,212 ms,94 ms,32 ms
2026-09-10 23:42:30,370 ms,130 ms,49 ms,30 ms
2026-09-10 23:43:00,451 ms,254 ms,97 ms,35 ms
2026-09-10 23:43:30,423 ms,213 ms,110 ms,37 ms
2026-09-10 23:44:00,207 ms,89 ms,54 ms,33 ms
2026-09-10 23:44:30,368 ms,73 ms,49 ms,31 ms
2026-09-10 23:45:00,439 ms,182 ms,86 ms,36 ms
2026-09-10 23:45:30,377 ms,177 ms,96 ms,41 ms
2026-09-10 23:46:00,785 ms,192 ms,98 ms,37 ms
2026-09-10 23:46:30,770 ms,201 ms,115 ms,35 ms
2026-09-10 23:47:00,222 ms,110 ms,81 ms,34 ms
2026-09-10 23:47:30,97 ms,83 ms,66 ms,35 ms
2026-09-10 23:48:00,373 ms,97 ms,85 ms,38 ms
2026-09-10 23:48:30,431 ms,137 ms,89 ms,37 ms
2026-09-10 23:49:00,690 ms,195 ms,95 ms,37 ms
2026-09-10 23:49:30,695 ms,147 ms,85 ms,33 ms
2026-09-10 23:50:00,360 ms,94 ms,72 ms,33 ms
2026-09-10 23:50:30,358 ms,111 ms,84 ms,38 ms
2026-09-10 23:51:00,228 ms,139 ms,89 ms,37 ms
2026-09-10 23:51:30,234 ms,172 ms,99 ms,36 ms
2026-09-10 23:52:00,375 ms,175 ms,87 ms,35 ms
2026-09-10 23:52:30,432 ms,197 ms,77 ms,35 ms
2026-09-10 23:53:00,439 ms,227 ms,105 ms,35 ms
2026-09-10 23:53:30,750 ms,225 ms,100 ms,36 ms
2026-09-10 23:54:00,750 ms,137 ms,80 ms,35 ms
2026-09-10 23:54:30,210 ms,95 ms,73 ms,34 ms
2026-09-10 23:55:00,158 ms,89 ms,72 ms,35 ms
2026-09-10 23:55:30,166 ms,85 ms,62 ms,34 ms
2026-09-10 23:56:00,213 ms,92 ms,50 ms,33 ms
2026-09-10 23:56:30,431 ms,138 ms,79 ms,34 ms
2026-09-10 23:57:00,431 ms,95 ms,75 ms,34 ms
2026-09-10 23:57:30,96 ms,79 ms,58 ms,31 ms
2026-09-10 23:58:00,94 ms,72 ms,49 ms,29 ms
2026-09-10 23:58:30,95 ms,77 ms,53 ms,33 ms
2026-09-10 23:59:00,365 ms,96 ms,80 ms,38 ms
2026-09-10 23:59:30,360 ms,95 ms,78 ms,36 ms
2026-09-11 00:00:00,428 ms,94 ms,73 ms,34 ms
2026-09-11 00:00:30,453 ms,267 ms,85 ms,36 ms
2026-09-11 00:01:00,430 ms,233 ms,173 ms,39 ms
2026-09-11 00:01:30,350 ms,207 ms,143 ms,39 ms
2026-09-11 00:02:00,725 ms,212 ms,97 ms,38 ms
2026-09-11 00:02:30,740 ms,367 ms,160 ms,35 ms
2026-09-11 00:03:00,441 ms,97 ms,73 ms,34 ms
2026-09-11 00:03:30,392 ms,98 ms,77 ms,36 ms
2026-09-11 00:04:00,370 ms,170 ms,90 ms,36 ms
2026-09-11 00:04:30,226 ms,130 ms,87 ms,36 ms
2026-09-11 00:05:00,347 ms,100 ms,85 ms,36 ms
2026-09-11 00:05:30,380 ms,92 ms,79 ms,32 ms
2026-09-11 00:06:00,466 ms,328 ms,85 ms,32 ms
2026-09-11 00:06:30,477 ms,383 ms,267 ms,36 ms
2026-09-11 00:07:00,464 ms,319 ms,196 ms,38 ms
2026-09-11 00:07:30,424 ms,218 ms,127 ms,35 ms
2026-09-11 00:08:00,370 ms,130 ms,78 ms,33 ms
2026-09-11 00:08:30,456 ms,279 ms,96 ms,35 ms
2026-09-11 00:09:00,468 ms,341 ms,168 ms,38 ms
2026-09-11 00:09:30,440 ms,230 ms,110 ms,36 ms
2026-09-11 00:10:00,215 ms,97 ms,77 ms,35 ms
2026-09-11 00:10:30,365 ms,91 ms,76 ms,36 ms
2026-09-11 00:11:00,372 ms,95 ms,69 ms,34 ms
2026-09-11 00:11:30,2 s,175 ms,80 ms,34 ms
2026-09-11 00:12:00,2 s,220 ms,123 ms,35 ms
2026-09-11 00:12:30,234 ms,170 ms,96 ms,35 ms
2026-09-11 00:13:00,360 ms,115 ms,78 ms,35 ms
2026-09-11 00:13:30,421 ms,207 ms,95 ms,33 ms
2026-09-11 00:14:00,365 ms,165 ms,50 ms,32 ms
2026-09-11 00:14:30,370 ms,130 ms,63 ms,33 ms
2026-09-11 00:15:00,380 ms,93 ms,53 ms,33 ms
2026-09-11 00:15:30,213 ms,94 ms,64 ms,34 ms
2026-09-11 00:16:00,373 ms,173 ms,93 ms,38 ms
2026-09-11 00:16:30,367 ms,126 ms,86 ms,36 ms
2026-09-11 00:17:00,209 ms,92 ms,61 ms,33 ms
2026-09-11 00:17:30,208 ms,94 ms,72 ms,35 ms
2026-09-11 00:18:00,207 ms,93 ms,68 ms,35 ms
2026-09-11 00:18:30,210 ms,93 ms,66 ms,34 ms
2026-09-11 00:19:00,430 ms,190 ms,91 ms,36 ms
2026-09-11 00:19:30,464 ms,319 ms,94 ms,37 ms
2026-09-11 00:20:00,429 ms,95 ms,77 ms,36 ms
2026-09-11 00:20:30,169 ms,91 ms,76 ms,35 ms
2026-09-11 00:21:00,213 ms,97 ms,82 ms,35 ms
2026-09-11 00:21:30,375 ms,96 ms,79 ms,35 ms
2026-09-11 00:22:00,441 ms,94 ms,55 ms,34 ms
2026-09-11 00:22:30,387 ms,87 ms,49 ms,34 ms
2026-09-11 00:23:00,439 ms,216 ms,91 ms,37 ms
2026-09-11 00:23:30,430 ms,130 ms,84 ms,33 ms
2026-09-11 00:24:00,94 ms,69 ms,49 ms,32 ms
2026-09-11 00:24:30,94 ms,72 ms,50 ms,35 ms
2026-09-11 00:25:00,163 ms,88 ms,70 ms,36 ms
2026-09-11 00:25:30,226 ms,132 ms,77 ms,36 ms
2026-09-11 00:26:00,229 ms,145 ms,50 ms,34 ms
2026-09-11 00:26:30,209 ms,91 ms,56 ms,34 ms
2026-09-11 00:27:00,370 ms,130 ms,82 ms,35 ms
2026-09-11 00:27:30,367 ms,95 ms,73 ms,32 ms
2026-09-11 00:28:00,177 ms,91 ms,76 ms,32 ms
2026-09-11 00:28:30,181 ms,92 ms,78 ms,37 ms
2026-09-11 00:29:00,168 ms,88 ms,68 ms,35 ms
2026-09-11 00:29:30,368 ms,126 ms,81 ms,34 ms
2026-09-11 00:30:00,358 ms,93 ms,69 ms,33 ms
2026-09-11 00:30:30,160 ms,86 ms,64 ms,33 ms
2026-09-11 00:31:00,223 ms,117 ms,62 ms,34 ms
2026-09-11 00:31:30,452 ms,258 ms,110 ms,37 ms
2026-09-11 00:32:00,453 ms,267 ms,92 ms,39 ms
2026-09-11 00:32:30,370 ms,170 ms,90 ms,37 ms
2026-09-11 00:33:00,363 ms,162 ms,75 ms,35 ms
2026-09-11 00:33:30,378 ms,93 ms,52 ms,33 ms
2026-09-11 00:34:00,367 ms,126 ms,84 ms,34 ms
2026-09-11 00:34:30,169 ms,94 ms,85 ms,40 ms
2026-09-11 00:35:00,378 ms,98 ms,84 ms,36 ms
2026-09-11 00:35:30,429 ms,122 ms,49 ms,28 ms
2026-09-11 00:36:00,464 ms,322 ms,58 ms,32 ms
2026-09-11 00:36:30,449 ms,246 ms,86 ms,35 ms
2026-09-11 00:37:00,218 ms,99 ms,76 ms,34 ms
2026-09-11 00:37:30,169 ms,92 ms,79 ms,35 ms
2026-09-11 00:38:00,97 ms,87 ms,74 ms,36 ms
2026-09-11 00:38:30,205 ms,91 ms,64 ms,32 ms
2026-09-11 00:39:00,224 ms,122 ms,50 ms,29 ms
2026-09-11 00:39:30,358 ms,181 ms,96 ms,38 ms
2026-09-11 00:40:00,425 ms,200 ms,95 ms,38 ms
2026-09-11 00:40:30,377 ms,85 ms,61 ms,33 ms
2026-09-11 00:41:00,94 ms,69 ms,49 ms,32 ms
2026-09-11 00:41:30,710 ms,89 ms,52 ms,33 ms
2026-09-11 00:42:00,685 ms,97 ms,50 ms,32 ms
2026-09-11 00:42:30,365 ms,165 ms,83 ms,35 ms
2026-09-11 00:43:00,363 ms,163 ms,89 ms,38 ms
2026-09-11 00:43:30,204 ms,91 ms,66 ms,33 ms
2026-09-11 00:44:00,233 ms,164 ms,85 ms,33 ms
2026-09-11 00:44:30,400 ms,200 ms,100 ms,31 ms
2026-09-11 00:45:00,375 ms,85 ms,60 ms,30 ms
2026-09-11 00:45:30,434 ms,217 ms,98 ms,36 ms
2026-09-11 00:46:00,432 ms,215 ms,97 ms,38 ms
2026-09-11 00:46:30,94 ms,68 ms,49 ms,32 ms
2026-09-11 00:47:00,434 ms,91 ms,53 ms,29 ms
2026-09-11 00:47:30,425 ms,100 ms,82 ms,36 ms
2026-09-11 00:48:00,206 ms,92 ms,68 ms,35 ms
2026-09-11 00:48:30,375 ms,75 ms,48 ms,31 ms
2026-09-11 00:49:00,460 ms,300 ms,60 ms,33 ms
2026-09-11 00:49:30,454 ms,271 ms,175 ms,34 ms
2026-09-11 00:50:00,373 ms,204 ms,127 ms,36 ms
2026-09-11 00:50:30,190 ms,94 ms,81 ms,38 ms
2026-09-11 00:51:00,455 ms,275 ms,80 ms,36 ms
2026-09-11 00:51:30,451 ms,256 ms,81 ms,34 ms
2026-09-11 00:52:00,96 ms,80 ms,60 ms,35 ms
2026-09-11 00:52:30,94 ms,69 ms,49 ms,36 ms
2026-09-11 00:53:00,97 ms,84 ms,68 ms,35 ms
2026-09-11 00:53:30,449 ms,99 ms,79 ms,34 ms
2026-09-11 00:54:00,440 ms,220 ms,90 ms,33 ms
2026-09-11 00:54:30,377 ms,141 ms,84 ms,30 ms
2026-09-11 00:55:00,459 ms,296 ms,86 ms,30 ms
2026-09-11 00:55:30,466 ms,328 ms,88 ms,31 ms
2026-09-11 00:56:00,434 ms,201 ms,84 ms,33 ms
2026-09-11 00:56:30,223 ms,112 ms,75 ms,34 ms
2026-09-11 00:57:00,208 ms,90 ms,55 ms,31 ms
2026-09-11 00:57:30,177 ms,82 ms,51 ms,33 ms
2026-09-11 00:58:00,439 ms,95 ms,71 ms,36 ms
2026-09-11 00:58:30,430 ms,130 ms,74 ms,36 ms
2026-09-11 00:59:00,175 ms,92 ms,78 ms,38 ms
2026-09-11 00:59:30,178 ms,92 ms,79 ms,38 ms
2026-09-11 01:00:00,730 ms,93 ms,66 ms,36 ms
2026-09-11 01:00:30,770 ms,84 ms,55 ms,35 ms
2026-09-11 01:01:00,882 ms,197 ms,79 ms,36 ms
2026-09-11 01:01:30,855 ms,182 ms,89 ms,35 ms
2026-09-11 01:02:00,175 ms,91 ms,75 ms,33 ms
2026-09-11 01:02:30,92 ms,59 ms,48 ms,29 ms
2026-09-11 01:03:00,206 ms,76 ms,48 ms,28 ms
2026-09-11 01:03:30,211 ms,70 ms,48 ms,31 ms
2026-09-11 01:04:00,365 ms,165 ms,80 ms,35 ms
2026-09-11 01:04:30,425 ms,220 ms,130 ms,38 ms
2026-09-11 01:05:00,363 ms,163 ms,85 ms,35 ms
2026-09-11 01:05:30,363 ms,81 ms,49 ms,32 ms
2026-09-11 01:06:00,429 ms,93 ms,69 ms,33 ms
2026-09-11 01:06:30,345 ms,94 ms,79 ms,36 ms
2026-09-11 01:07:00,227 ms,137 ms,89 ms,37 ms
2026-09-11 01:07:30,370 ms,190 ms,98 ms,33 ms
2026-09-11 01:08:00,360 ms,115 ms,71 ms,30 ms
2026-09-11 01:08:30,208 ms,95 ms,79 ms,34 ms
2026-09-11 01:09:00,227 ms,135 ms,87 ms,37 ms
2026-09-11 01:09:30,211 ms,96 ms,77 ms,37 ms
2026-09-11 01:10:00,96 ms,82 ms,64 ms,35 ms
2026-09-11 01:10:30,206 ms,95 ms,78 ms,35 ms
2026-09-11 01:11:00,222 ms,107 ms,81 ms,33 ms
2026-09-11 01:11:30,169 ms,79 ms,50 ms,32 ms
2026-09-11 01:12:00,159 ms,83 ms,58 ms,34 ms
2026-09-11 01:12:30,162 ms,84 ms,59 ms,33 ms
2026-09-11 01:13:00,160 ms,75 ms,49 ms,34 ms
2026-09-11 01:13:30,358 ms,89 ms,54 ms,36 ms
2026-09-11 01:14:00,730 ms,91 ms,58 ms,34 ms
2026-09-11 01:14:30,750 ms,75 ms,48 ms,32 ms
2026-09-11 01:15:00,215 ms,96 ms,68 ms,36 ms
2026-09-11 01:15:30,176 ms,91 ms,76 ms,35 ms
2026-09-11 01:16:00,97 ms,86 ms,73 ms,35 ms
2026-09-11 01:16:30,96 ms,82 ms,64 ms,35 ms
2026-09-11 01:17:00,94 ms,71 ms,49 ms,32 ms
2026-09-11 01:17:30,367 ms,95 ms,73 ms,28 ms
2026-09-11 01:18:00,429 ms,207 ms,91 ms,33 ms
2026-09-11 01:18:30,363 ms,119 ms,49 ms,35 ms
2026-09-11 01:19:00,166 ms,70 ms,49 ms,31 ms
2026-09-11 01:19:30,913 ms,567 ms,85 ms,33 ms
2026-09-11 01:20:00,912 ms,558 ms,96 ms,35 ms
2026-09-11 01:20:30,377 ms,95 ms,71 ms,33 ms
2026-09-11 01:21:00,95 ms,75 ms,51 ms,33 ms
2026-09-11 01:21:30,93 ms,68 ms,49 ms,34 ms
2026-09-11 01:22:00,365 ms,122 ms,52 ms,35 ms
2026-09-11 01:22:30,368 ms,188 ms,97 ms,37 ms
2026-09-11 01:23:00,224 ms,123 ms,83 ms,36 ms
2026-09-11 01:23:30,720 ms,96 ms,80 ms,34 ms
2026-09-11 01:24:00,730 ms,97 ms,86 ms,39 ms
2026-09-11 01:24:30,222 ms,110 ms,74 ms,35 ms
2026-09-11 01:25:00,209 ms,87 ms,50 ms,32 ms
2026-09-11 01:25:30,457 ms,287 ms,79 ms,34 ms
2026-09-11 01:26:00,467 ms,337 ms,160 ms,37 ms
2026-09-11 01:26:30,375 ms,175 ms,93 ms,35 ms
2026-09-11 01:27:00,181 ms,93 ms,80 ms,34 ms
2026-09-11 01:27:30,173 ms,91 ms,77 ms,32 ms
2026-09-11 01:28:00,365 ms,91 ms,58 ms,30 ms
2026-09-11 01:28:30,365 ms,82 ms,49 ms,33 ms
2026-09-11 01:29:00,176 ms,76 ms,49 ms,34 ms
2026-09-11 01:29:30,227 ms,135 ms,80 ms,35 ms
2026-09-11 01:30:00,223 ms,115 ms,76 ms,36 ms
2026-09-11 01:30:30,355 ms,85 ms,63 ms,33 ms
2026-09-11 01:31:00,427 ms,183 ms,80 ms,33 ms
2026-09-11 01:31:30,365 ms,165 ms,72 ms,34 ms
2026-09-11 01:32:00,207 ms,88 ms,50 ms,32 ms
2026-09-11 01:32:30,170 ms,83 ms,57 ms,33 ms
2026-09-11 01:33:00,462 ms,312 ms,89 ms,38 ms
2026-09-11 01:33:30,469 ms,344 ms,100 ms,37 ms
2026-09-11 01:34:00,365 ms,123 ms,50 ms,34 ms
2026-09-11 01:34:30,358 ms,181 ms,93 ms,36 ms
2026-09-11 01:35:00,357 ms,181 ms,96 ms,37 ms
2026-09-11 01:35:30,360 ms,93 ms,70 ms,34 ms
2026-09-11 01:36:00,358 ms,92 ms,63 ms,35 ms
2026-09-11 01:36:30,221 ms,105 ms,53 ms,34 ms
2026-09-11 01:37:00,226 ms,130 ms,49 ms,30 ms
2026-09-11 01:37:30,434 ms,152 ms,81 ms,36 ms
2026-09-11 01:38:00,449 ms,100 ms,81 ms,36 ms
2026-09-11 01:38:30,382 ms,89 ms,69 ms,33 ms
2026-09-11 01:39:00,97 ms,85 ms,71 ms,36 ms
2026-09-11 01:39:30,373 ms,91 ms,77 ms,35 ms
2026-09-11 01:40:00,370 ms,170 ms,91 ms,36 ms
2026-09-11 01:40:30,740 ms,300 ms,168 ms,39 ms
2026-09-11 01:41:00,750 ms,375 ms,100 ms,37 ms
2026-09-11 01:41:30,455 ms,275 ms,60 ms,33 ms
2026-09-11 01:42:00,452 ms,258 ms,90 ms,34 ms
2026-09-11 01:42:30,350 ms,100 ms,63 ms,34 ms
2026-09-11 01:43:00,96 ms,80 ms,61 ms,36 ms
2026-09-11 01:43:30,436 ms,167 ms,83 ms,37 ms
2026-09-11 01:44:00,438 ms,175 ms,75 ms,33 ms
2026-09-11 01:44:30,178 ms,91 ms,76 ms,36 ms
2026-09-11 01:45:00,207 ms,95 ms,78 ms,35 ms
2026-09-11 01:45:30,158 ms,71 ms,49 ms,33 ms
2026-09-11 01:46:00,207 ms,85 ms,49 ms,34 ms
2026-09-11 01:46:30,355 ms,108 ms,77 ms,33 ms
2026-09-11 01:47:00,365 ms,88 ms,69 ms,32 ms
2026-09-11 01:47:30,97 ms,86 ms,71 ms,37 ms
2026-09-11 01:48:00,695 ms,85 ms,64 ms,36 ms
2026-09-11 01:48:30,740 ms,170 ms,50 ms,36 ms
2026-09-11 01:49:00,230 ms,151 ms,84 ms,37 ms
2026-09-11 01:49:30,220 ms,103 ms,84 ms,36 ms
2026-09-11 01:50:00,211 ms,96 ms,77 ms,34 ms
2026-09-11 01:50:30,97 ms,84 ms,67 ms,34 ms
2026-09-11 01:51:00,96 ms,79 ms,58 ms,33 ms
2026-09-11 01:51:30,375 ms,137 ms,75 ms,35 ms
2026-09-11 01:52:00,367 ms,167 ms,87 ms,35 ms
2026-09-11 01:52:30,165 ms,77 ms,49 ms,30 ms
2026-09-11 01:53:00,196 ms,88 ms,61 ms,33 ms
2026-09-11 01:53:30,219 ms,99 ms,68 ms,35 ms
2026-09-11 01:54:00,368 ms,84 ms,49 ms,34 ms
2026-09-11 01:54:30,432 ms,65 ms,48 ms,33 ms
2026-09-11 01:55:00,375 ms,81 ms,50 ms,33 ms
2026-09-11 01:55:30,436 ms,94 ms,69 ms,34 ms
2026-09-11 01:56:00,443 ms,227 ms,94 ms,35 ms
2026-09-11 01:56:30,380 ms,197 ms,108 ms,37 ms
2026-09-11 01:57:00,429 ms,207 ms,93 ms,36 ms
2026-09-11 01:57:30,363 ms,162 ms,88 ms,35 ms
2026-09-11 01:58:00,745 ms,306 ms,99 ms,34 ms
2026-09-11 01:58:30,745 ms,403 ms,98 ms,31 ms
2026-09-11 01:59:00,435 ms,95 ms,73 ms,32 ms
2026-09-11 01:59:30,360 ms,92 ms,64 ms,35 ms
2026-09-11 02:00:00,449 ms,242 ms,87 ms,38 ms
2026-09-11 02:00:30,429 ms,96 ms,82 ms,38 ms
2026-09-11 02:01:00,363 ms,83 ms,55 ms,34 ms
2026-09-11 02:01:30,467 ms,337 ms,98 ms,34 ms
2026-09-11 02:02:00,457 ms,287 ms,99 ms,35 ms
2026-09-11 02:02:30,215 ms,97 ms,78 ms,36 ms
2026-09-11 02:03:00,173 ms,89 ms,71 ms,36 ms
2026-09-11 02:03:30,166 ms,82 ms,54 ms,34 ms
2026-09-11 02:04:00,174 ms,87 ms,66 ms,32 ms
2026-09-11 02:04:30,745 ms,89 ms,71 ms,33 ms
2026-09-11 02:05:00,695 ms,211 ms,99 ms,38 ms
2026-09-11 02:05:30,424 ms,211 ms,99 ms,38 ms
2026-09-11 02:06:00,385 ms,93 ms,80 ms,37 ms
2026-09-11 02:06:30,372 ms,90 ms,74 ms,34 ms
2026-09-11 02:07:00,365 ms,88 ms,50 ms,30 ms
2026-09-11 02:07:30,180 ms,49 ms,47 ms,33 ms
2026-09-11 02:08:00,178 ms,65 ms,49 ms,33 ms
2026-09-11 02:08:30,365 ms,94 ms,72 ms,32 ms
2026-09-11 02:09:00,365 ms,94 ms,72 ms,33 ms
2026-09-11 02:09:30,175 ms,75 ms,49 ms,32 ms
2026-09-11 02:10:00,370 ms,90 ms,50 ms,31 ms
2026-09-11 02:10:30,433 ms,145 ms,50 ms,33 ms
2026-09-11 02:11:00,355 ms,53 ms,48 ms,29 ms
2026-09-11 02:11:30,93 ms,63 ms,48 ms,29 ms
2026-09-11 02:12:00,95 ms,73 ms,50 ms,33 ms
2026-09-11 02:12:30,438 ms,213 ms,88 ms,34 ms
2026-09-11 02:13:00,457 ms,283 ms,168 ms,38 ms
2026-09-11 02:13:30,367 ms,167 ms,89 ms,36 ms
2026-09-11 02:14:00,228 ms,140 ms,83 ms,35 ms
2026-09-11 02:14:30,215 ms,96 ms,66 ms,33 ms
2026-09-11 02:15:00,161 ms,76 ms,49 ms,33 ms
2026-09-11 02:15:30,429 ms,123 ms,73 ms,36 ms
2026-09-11 02:16:00,428 ms,94 ms,73 ms,34 ms
2026-09-11 02:16:30,97 ms,83 ms,67 ms,34 ms
2026-09-11 02:17:00,97 ms,87 ms,74 ms,35 ms
2026-09-11 02:17:30,168 ms,88 ms,68 ms,34 ms
2026-09-11 02:18:00,165 ms,87 ms,66 ms,35 ms
2026-09-11 02:18:30,163 ms,84 ms,60 ms,35 ms
2026-09-11 02:19:00,173 ms,81 ms,50 ms,35 ms
2026-09-11 02:19:30,180 ms,89 ms,69 ms,36 ms
2026-09-11 02:20:00,210 ms,92 ms,59 ms,33 ms
2026-09-11 02:20:30,158 ms,84 ms,61 ms,35 ms
2026-09-11 02:21:00,740 ms,85 ms,62 ms,37 ms
2026-09-11 02:21:30,755 ms,77 ms,48 ms,33 ms
2026-09-11 02:22:00,234 ms,171 ms,95 ms,35 ms
2026-09-11 02:22:30,453 ms,267 ms,153 ms,36 ms
2026-09-11 02:23:00,452 ms,262 ms,78 ms,31 ms
2026-09-11 02:23:30,434 ms,93 ms,67 ms,35 ms
2026-09-11 02:24:00,760 ms,383 ms,92 ms,38 ms
2026-09-11 02:24:30,735 ms,96 ms,82 ms,37 ms
2026-09-11 02:25:00,452 ms,262 ms,97 ms,38 ms
2026-09-11 02:25:30,462 ms,312 ms,175 ms,37 ms
2026-09-11 02:26:00,397 ms,99 ms,65 ms,32 ms
2026-09-11 02:26:30,465 ms,325 ms,70 ms,32 ms
2026-09-11 02:27:00,456 ms,279 ms,50 ms,34 ms
2026-09-11 02:27:30,358 ms,111 ms,77 ms,37 ms
2026-09-11 02:28:00,730 ms,165 ms,86 ms,37 ms
2026-09-11 02:28:30,720 ms,275 ms,50 ms,32 ms
2026-09-11 02:29:00,452 ms,262 ms,86 ms,33 ms
2026-09-11 02:29:30,350 ms,100 ms,85 ms,35 ms
2026-09-11 02:30:00,207 ms,95 ms,79 ms,36 ms
2026-09-11 02:30:30,867 ms,446 ms,205 ms,38 ms
2026-09-11 02:31:00,863 ms,438 ms,231 ms,36 ms
2026-09-11 02:31:30,224 ms,120 ms,78 ms,30 ms
2026-09-11 02:32:00,380 ms,145 ms,85 ms,34 ms
2026-09-11 02:32:30,373 ms,172 ms,94 ms,38 ms
2026-09-11 02:33:00,174 ms,90 ms,74 ms,36 ms
2026-09-11 02:33:30,755 ms,379 ms,95 ms,39 ms
2026-09-11 02:34:00,740 ms,367 ms,91 ms,36 ms
2026-09-11 02:34:30,360 ms,70 ms,49 ms,29 ms
2026-09-11 02:35:00,363 ms,92 ms,65 ms,32 ms
2026-09-11 02:35:30,455 ms,275 ms,130 ms,36 ms
2026-09-11 02:36:00,453 ms,267 ms,93 ms,35 ms
2026-09-11 02:36:30,209 ms,93 ms,68 ms,36 ms
2026-09-11 02:37:00,211 ms,93 ms,60 ms,35 ms
2026-09-11 02:37:30,765 ms,224 ms,88 ms,35 ms
2026-09-11 02:38:00,775 ms,241 ms,156 ms,36 ms
2026-09-11 02:38:30,229 ms,145 ms,60 ms,35 ms
2026-09-11 02:39:00,345 ms,145 ms,78 ms,35 ms
2026-09-11 02:39:30,370 ms,130 ms,73 ms,32 ms
2026-09-11 02:40:00,380 ms,180 ms,80 ms,32 ms
2026-09-11 02:40:30,372 ms,172 ms,82 ms,36 ms
2026-09-11 02:41:00,362 ms,119 ms,75 ms,36 ms
2026-09-11 02:41:30,350 ms,175 ms,92 ms,35 ms
2026-09-11 02:42:00,222 ms,110 ms,84 ms,36 ms
2026-09-11 02:42:30,96 ms,79 ms,58 ms,33 ms
2026-09-11 02:43:00,92 ms,59 ms,48 ms,31 ms
2026-09-11 02:43:30,97 ms,83 ms,66 ms,34 ms
2026-09-11 02:44:00,97 ms,82 ms,65 ms,33 ms
2026-09-11 02:44:30,705 ms,91 ms,61 ms,32 ms
2026-09-11 02:45:00,695 ms,87 ms,50 ms,33 ms
2026-09-11 02:45:30,231 ms,154 ms,50 ms,31 ms
2026-09-11 02:46:00,476 ms,380 ms,260 ms,34 ms
2026-09-11 02:46:30,471 ms,355 ms,96 ms,36 ms
2026-09-11 02:47:00,153 ms,86 ms,66 ms,36 ms
2026-09-11 02:47:30,355 ms,155 ms,87 ms,38 ms
2026-09-11 02:48:00,350 ms,212 ms,156 ms,37 ms
2026-09-11 02:48:30,432 ms,232 ms,165 ms,36 ms
2026-09-11 02:49:00,463 ms,317 ms,92 ms,38 ms
2026-09-11 02:49:30,373 ms,92 ms,72 ms,36 ms
2026-09-11 02:50:00,375 ms,92 ms,78 ms,36 ms
2026-09-11 02:50:30,375 ms,92 ms,78 ms,36 ms
2026-09-11 02:51:00,373 ms,134 ms,65 ms,35 ms
2026-09-11 02:51:30,375 ms,194 ms,100 ms,34 ms
2026-09-11 02:52:00,213 ms,95 ms,70 ms,33 ms
2026-09-11 02:52:30,97 ms,85 ms,69 ms,35 ms
2026-09-11 02:53:00,154 ms,90 ms,74 ms,36 ms
2026-09-11 02:53:30,171 ms,86 ms,64 ms,35 ms
2026-09-11 02:54:00,182 ms,87 ms,65 ms,36 ms
2026-09-11 02:54:30,249 ms,96 ms,78 ms,36 ms
2026-09-11 02:55:00,250 ms,81 ms,50 ms,33 ms
2026-09-11 02:55:30,182 ms,69 ms,49 ms,32 ms
2026-09-11 02:56:00,180 ms,87 ms,63 ms,33 ms
2026-09-11 02:56:30,96 ms,82 ms,64 ms,33 ms
2026-09-11 02:57:00,360 ms,93 ms,67 ms,34 ms
2026-09-11 02:57:30,2 s,220 ms,65 ms,35 ms
2026-09-11 02:58:00,2 s,224 ms,91 ms,35 ms
2026-09-11 02:58:30,355 ms,193 ms,106 ms,35 ms
2026-09-11 02:59:00,335 ms,135 ms,74 ms,32 ms
2026-09-11 02:59:30,429 ms,93 ms,69 ms,34 ms
2026-09-11 03:00:00,438 ms,175 ms,86 ms,37 ms
2026-09-11 03:00:30,440 ms,190 ms,78 ms,34 ms
2026-09-11 03:01:00,380 ms,95 ms,65 ms,35 ms
2026-09-11 03:01:30,172 ms,87 ms,65 ms,34 ms
2026-09-11 03:02:00,750 ms,62 ms,48 ms,30 ms
2026-09-11 03:02:30,720 ms,182 ms,50 ms,31 ms
2026-09-11 03:03:00,456 ms,279 ms,164 ms,32 ms
2026-09-11 03:03:30,457 ms,283 ms,140 ms,37 ms
2026-09-11 03:04:00,229 ms,147 ms,91 ms,36 ms
2026-09-11 03:04:30,452 ms,258 ms,93 ms,30 ms
2026-09-11 03:05:00,471 ms,355 ms,130 ms,33 ms
2026-09-11 03:05:30,735 ms,294 ms,84 ms,36 ms
2026-09-11 03:06:00,710 ms,89 ms,73 ms,36 ms
2026-09-11 03:06:30,355 ms,97 ms,85 ms,38 ms
2026-09-11 03:07:00,372 ms,98 ms,88 ms,40 ms
2026-09-11 03:07:30,172 ms,90 ms,74 ms,34 ms
2026-09-11 03:08:00,209 ms,91 ms,56 ms,28 ms
2026-09-11 03:08:30,370 ms,97 ms,83 ms,36 ms
2026-09-11 03:09:00,375 ms,137 ms,88 ms,40 ms
2026-09-11 03:09:30,224 ms,120 ms,63 ms,33 ms
2026-09-11 03:10:00,175 ms,75 ms,49 ms,29 ms
2026-09-11 03:10:30,705 ms,84 ms,49 ms,33 ms
2026-09-11 03:11:00,700 ms,250 ms,78 ms,36 ms
2026-09-11 03:11:30,455 ms,275 ms,87 ms,36 ms
2026-09-11 03:12:00,370 ms,90 ms,50 ms,35 ms
2026-09-11 03:12:30,178 ms,83 ms,53 ms,34 ms
2026-09-11 03:13:00,172 ms,90 ms,74 ms,35 ms
2026-09-11 03:13:30,97 ms,86 ms,73 ms,34 ms
2026-09-11 03:14:00,96 ms,80 ms,60 ms,32 ms
2026-09-11 03:14:30,865 ms,325 ms,76 ms,35 ms
2026-09-11 03:15:00,867 ms,419 ms,152 ms,37 ms
2026-09-11 03:15:30,470 ms,350 ms,210 ms,37 ms
2026-09-11 03:16:00,469 ms,347 ms,115 ms,35 ms
2026-09-11 03:16:30,425 ms,175 ms,80 ms,35 ms
2026-09-11 03:17:00,421 ms,164 ms,77 ms,37 ms
2026-09-11 03:17:30,429 ms,122 ms,61 ms,35 ms
2026-09-11 03:18:00,461 ms,303 ms,90 ms,35 ms
2026-09-11 03:18:30,475 ms,373 ms,99 ms,36 ms
2026-09-11 03:19:00,458 ms,292 ms,67 ms,33 ms
2026-09-11 03:19:30,750 ms,96 ms,75 ms,35 ms
2026-09-11 03:20:00,715 ms,181 ms,96 ms,36 ms
2026-09-11 03:20:30,221 ms,105 ms,86 ms,36 ms
2026-09-11 03:21:00,175 ms,85 ms,60 ms,32 ms
2026-09-11 03:21:30,370 ms,130 ms,78 ms,33 ms
2026-09-11 03:22:00,362 ms,162 ms,85 ms,33 ms
2026-09-11 03:22:30,208 ms,87 ms,50 ms,33 ms
2026-09-11 03:23:00,97 ms,84 ms,68 ms,36 ms
2026-09-11 03:23:30,203 ms,93 ms,73 ms,36 ms
2026-09-11 03:24:00,215 ms,97 ms,78 ms,35 ms
2026-09-11 03:24:30,175 ms,91 ms,75 ms,35 ms
2026-09-11 03:25:00,96 ms,82 ms,63 ms,35 ms
2026-09-11 03:25:30,373 ms,192 ms,99 ms,38 ms
2026-09-11 03:26:00,360 ms,196 ms,112 ms,37 ms
2026-09-11 03:26:30,157 ms,74 ms,49 ms,33 ms
2026-09-11 03:27:00,92 ms,57 ms,48 ms,32 ms
2026-09-11 03:27:30,380 ms,95 ms,65 ms,36 ms
2026-09-11 03:28:00,355 ms,108 ms,53 ms,35 ms
2026-09-11 03:28:30,220 ms,100 ms,75 ms,35 ms
2026-09-11 03:29:00,226 ms,127 ms,86 ms,37 ms
2026-09-11 03:29:30,173 ms,90 ms,74 ms,36 ms
2026-09-11 03:30:00,352 ms,95 ms,78 ms,36 ms
2026-09-11 03:30:30,382 ms,97 ms,73 ms,35 ms
2026-09-11 03:31:00,190 ms,83 ms,50 ms,34 ms
2026-09-11 03:31:30,228 ms,140 ms,86 ms,33 ms
2026-09-11 03:32:00,365 ms,123 ms,85 ms,36 ms
2026-09-11 03:32:30,370 ms,97 ms,82 ms,38 ms
2026-09-11 03:33:00,215 ms,98 ms,88 ms,38 ms
2026-09-11 03:33:30,363 ms,95 ms,78 ms,32 ms
2026-09-11 03:34:00,465 ms,325 ms,60 ms,32 ms
2026-09-11 03:34:30,448 ms,98 ms,59 ms,36 ms
2026-09-11 03:35:00,2 s,94 ms,73 ms,36 ms
2026-09-11 03:35:30,2 s,94 ms,64 ms,33 ms
2026-09-11 03:36:00,87 ms,50 ms,48 ms,31 ms
2026-09-11 03:36:30,383 ms,50 ms,48 ms,32 ms
2026-09-11 03:37:00,380 ms,93 ms,75 ms,35 ms
2026-09-11 03:37:30,458 ms,292 ms,97 ms,38 ms
2026-09-11 03:38:00,725 ms,391 ms,225 ms,36 ms
2026-09-11 03:38:30,730 ms,197 ms,77 ms,33 ms
2026-09-11 03:39:00,373 ms,91 ms,50 ms,33 ms
2026-09-11 03:39:30,353 ms,177 ms,55 ms,33 ms
2026-09-11 03:40:00,429 ms,207 ms,94 ms,35 ms
2026-09-11 03:40:30,865 ms,412 ms,91 ms,38 ms
2026-09-11 03:41:00,855 ms,94 ms,73 ms,35 ms
2026-09-11 03:41:30,355 ms,83 ms,56 ms,33 ms
2026-09-11 03:42:00,372 ms,50 ms,48 ms,31 ms
2026-09-11 03:42:30,393 ms,98 ms,71 ms,32 ms
2026-09-11 03:43:00,373 ms,134 ms,83 ms,35 ms
2026-09-11 03:43:30,163 ms,68 ms,49 ms,30 ms
2026-09-11 03:44:00,439 ms,216 ms,91 ms,34 ms
2026-09-11 03:44:30,435 ms,228 ms,130 ms,37 ms
2026-09-11 03:45:00,206 ms,85 ms,49 ms,31 ms
2026-09-11 03:45:30,363 ms,92 ms,65 ms,34 ms
2026-09-11 03:46:00,338 ms,95 ms,81 ms,38 ms
2026-09-11 03:46:30,97 ms,85 ms,71 ms,37 ms
2026-09-11 03:47:00,434 ms,94 ms,67 ms,35 ms
2026-09-11 03:47:30,880 ms,467 ms,267 ms,37 ms
2026-09-11 03:48:00,880 ms,400 ms,89 ms,38 ms
2026-09-11 03:48:30,212 ms,97 ms,83 ms,38 ms
2026-09-11 03:49:00,375 ms,137 ms,87 ms,37 ms
2026-09-11 03:49:30,377 ms,96 ms,76 ms,35 ms
2026-09-11 03:50:00,440 ms,190 ms,70 ms,34 ms
2026-09-11 03:50:30,770 ms,338 ms,49 ms,29 ms
2026-09-11 03:51:00,735 ms,92 ms,59 ms,33 ms
2026-09-11 03:51:30,363 ms,88 ms,68 ms,35 ms
2026-09-11 03:52:00,362 ms,119 ms,58 ms,33 ms
2026-09-11 03:52:30,353 ms,104 ms,52 ms,32 ms
2026-09-11 03:53:00,355 ms,89 ms,73 ms,34 ms
2026-09-11 03:53:30,358 ms,96 ms,82 ms,37 ms
2026-09-11 03:54:00,223 ms,112 ms,69 ms,33 ms
2026-09-11 03:54:30,210 ms,93 ms,67 ms,33 ms
2026-09-11 03:55:00,370 ms,90 ms,74 ms,34 ms
2026-09-11 03:55:30,345 ms,94 ms,77 ms,34 ms
2026-09-11 03:56:00,345 ms,100 ms,85 ms,37 ms
2026-09-11 03:56:30,365 ms,186 ms,98 ms,38 ms
2026-09-11 03:57:00,367 ms,188 ms,97 ms,33 ms
2026-09-11 03:57:30,360 ms,115 ms,71 ms,31 ms
2026-09-11 03:58:00,357 ms,181 ms,91 ms,35 ms
2026-09-11 03:58:30,429 ms,207 ms,91 ms,35 ms
2026-09-11 03:59:00,367 ms,86 ms,64 ms,35 ms
2026-09-11 03:59:30,96 ms,78 ms,57 ms,36 ms
2026-09-11 04:00:00,97 ms,84 ms,68 ms,35 ms
2026-09-11 04:00:30,740 ms,220 ms,99 ms,37 ms
2026-09-11 04:01:00,700 ms,200 ms,88 ms,35 ms
2026-09-11 04:01:30,173 ms,87 ms,65 ms,35 ms
2026-09-11 04:02:00,456 ms,279 ms,94 ms,39 ms
2026-09-11 04:02:30,448 ms,231 ms,84 ms,36 ms
2026-09-11 04:03:00,700 ms,100 ms,70 ms,36 ms
2026-09-11 04:03:30,690 ms,89 ms,58 ms,35 ms
2026-09-11 04:04:00,160 ms,80 ms,50 ms,33 ms
2026-09-11 04:04:30,210 ms,96 ms,79 ms,38 ms
2026-09-11 04:05:00,181 ms,91 ms,74 ms,36 ms
2026-09-11 04:05:30,385 ms,84 ms,55 ms,30 ms
2026-09-11 04:06:00,372 ms,74 ms,49 ms,30 ms
2026-09-11 04:06:30,370 ms,90 ms,50 ms,31 ms
2026-09-11 04:07:00,368 ms,95 ms,76 ms,35 ms
2026-09-11 04:07:30,370 ms,95 ms,73 ms,36 ms
2026-09-11 04:08:00,355 ms,85 ms,49 ms,32 ms
2026-09-11 04:08:30,93 ms,62 ms,48 ms,29 ms
2026-09-11 04:09:00,425 ms,92 ms,67 ms,34 ms
2026-09-11 04:09:30,431 ms,95 ms,75 ms,37 ms
2026-09-11 04:10:00,867 ms,152 ms,62 ms,36 ms
2026-09-11 04:10:30,863 ms,406 ms,94 ms,35 ms
2026-09-11 04:11:00,461 ms,304 ms,86 ms,36 ms
2026-09-11 04:11:30,387 ms,97 ms,69 ms,36 ms
2026-09-11 04:12:00,226 ms,127 ms,84 ms,37 ms
2026-09-11 04:12:30,222 ms,110 ms,86 ms,36 ms
2026-09-11 04:13:00,209 ms,96 ms,83 ms,36 ms
2026-09-11 04:13:30,745 ms,134 ms,83 ms,34 ms
2026-09-11 04:14:00,740 ms,400 ms,220 ms,32 ms
2026-09-11 04:14:30,466 ms,328 ms,175 ms,33 ms
2026-09-11 04:15:00,228 ms,139 ms,84 ms,34 ms
2026-09-11 04:15:30,204 ms,94 ms,77 ms,34 ms
2026-09-11 04:16:00,206 ms,92 ms,68 ms,33 ms
2026-09-11 04:16:30,207 ms,89 ms,53 ms,35 ms
2026-09-11 04:17:00,370 ms,90 ms,50 ms,35 ms
2026-09-11 04:17:30,385 ms,78 ms,49 ms,32 ms
2026-09-11 04:18:00,182 ms,84 ms,56 ms,33 ms
2026-09-11 04:18:30,180 ms,87 ms,63 ms,31 ms
2026-09-11 04:19:00,94 ms,72 ms,50 ms,31 ms
2026-09-11 04:19:30,367 ms,126 ms,62 ms,33 ms
2026-09-11 04:20:00,385 ms,201 ms,115 ms,36 ms
2026-09-11 04:20:30,224 ms,122 ms,79 ms,35 ms
2026-09-11 04:21:00,355 ms,93 ms,68 ms,33 ms
2026-09-11 04:21:30,347 ms,91 ms,66 ms,33 ms
2026-09-11 04:22:00,169 ms,79 ms,50 ms,33 ms
2026-09-11 04:22:30,377 ms,76 ms,49 ms,32 ms
2026-09-11 04:23:00,370 ms,70 ms,48 ms,32 ms
2026-09-11 04:23:30,175 ms,85 ms,60 ms,35 ms
2026-09-11 04:24:00,459 ms,296 ms,81 ms,36 ms
2026-09-11 04:24:30,461 ms,306 ms,126 ms,32 ms
2026-09-11 04:25:00,385 ms,152 ms,84 ms,31 ms
2026-09-11 04:25:30,371 ms,132 ms,88 ms,37 ms
2026-09-11 04:26:00,222 ms,110 ms,84 ms,36 ms
2026-09-11 04:26:30,358 ms,181 ms,94 ms,35 ms
2026-09-11 04:27:00,358 ms,181 ms,94 ms,35 ms
2026-09-11 04:27:30,449 ms,242 ms,85 ms,35 ms
2026-09-11 04:28:00,451 ms,254 ms,71 ms,35 ms
2026-09-11 04:28:30,466 ms,331 ms,97 ms,37 ms
2026-09-11 04:29:00,467 ms,337 ms,99 ms,35 ms
2026-09-11 04:29:30,213 ms,97 ms,82 ms,34 ms
2026-09-11 04:30:00,214 ms,98 ms,83 ms,35 ms
2026-09-11 04:30:30,365 ms,165 ms,88 ms,34 ms
2026-09-11 04:31:00,472 ms,357 ms,224 ms,38 ms
2026-09-11 04:31:30,468 ms,341 ms,99 ms,37 ms
2026-09-11 04:32:00,385 ms,84 ms,55 ms,32 ms
2026-09-11 04:32:30,375 ms,89 ms,71 ms,35 ms
2026-09-11 04:33:00,457 ms,283 ms,91 ms,38 ms
2026-09-11 04:33:30,474 ms,370 ms,235 ms,34 ms
2026-09-11 04:34:00,435 ms,160 ms,69 ms,34 ms
2026-09-11 04:34:30,211 ms,96 ms,80 ms,37 ms
2026-09-11 04:35:00,430 ms,190 ms,93 ms,40 ms
2026-09-11 04:35:30,435 ms,96 ms,81 ms,37 ms
2026-09-11 04:36:00,93 ms,66 ms,49 ms,34 ms
2026-09-11 04:36:30,94 ms,69 ms,49 ms,33 ms
2026-09-11 04:37:00,363 ms,91 ms,56 ms,32 ms
2026-09-11 04:37:30,353 ms,153 ms,68 ms,33 ms
2026-09-11 04:38:00,370 ms,130 ms,73 ms,34 ms
2026-09-11 04:38:30,378 ms,96 ms,76 ms,35 ms
2026-09-11 04:39:00,735 ms,126 ms,71 ms,35 ms
2026-09-11 04:39:30,710 ms,115 ms,53 ms,33 ms
2026-09-11 04:40:00,355 ms,81 ms,52 ms,32 ms
2026-09-11 04:40:30,170 ms,83 ms,57 ms,33 ms
2026-09-11 04:41:00,210 ms,94 ms,72 ms,36 ms
2026-09-11 04:41:30,358 ms,111 ms,83 ms,36 ms
2026-09-11 04:42:00,360 ms,160 ms,90 ms,33 ms
2026-09-11 04:42:30,225 ms,125 ms,88 ms,34 ms
2026-09-11 04:43:00,360 ms,93 ms,70 ms,31 ms
2026-09-11 04:43:30,358 ms,77 ms,49 ms,31 ms
2026-09-11 04:44:00,438 ms,175 ms,67 ms,34 ms
2026-09-11 04:44:30,431 ms,194 ms,88 ms,34 ms
2026-09-11 04:45:00,206 ms,95 ms,79 ms,36 ms
2026-09-11 04:45:30,449 ms,242 ms,89 ms,38 ms
2026-09-11 04:46:00,471 ms,357 ms,95 ms,37 ms
2026-09-11 04:46:30,439 ms,91 ms,50 ms,35 ms
2026-09-11 04:47:00,383 ms,183 ms,86 ms,36 ms
2026-09-11 04:47:30,439 ms,240 ms,188 ms,38 ms
2026-09-11 04:48:00,373 ms,204 ms,127 ms,36 ms
2026-09-11 04:48:30,372 ms,192 ms,99 ms,36 ms
2026-09-11 04:49:00,372 ms,172 ms,89 ms,37 ms
2026-09-11 04:49:30,880 ms,400 ms,87 ms,38 ms
2026-09-11 04:50:00,878 ms,387 ms,68 ms,34 ms
2026-09-11 04:50:30,94 ms,71 ms,49 ms,33 ms
2026-09-11 04:51:00,169 ms,91 ms,78 ms,35 ms
2026-09-11 04:51:30,173 ms,93 ms,81 ms,34 ms
2026-09-11 04:52:00,159 ms,89 ms,72 ms,33 ms
2026-09-11 04:52:30,175 ms,75 ms,49 ms,33 ms
2026-09-11 04:53:00,180 ms,78 ms,49 ms,31 ms
2026-09-11 04:53:30,209 ms,96 ms,81 ms,34 ms
2026-09-11 04:54:00,180 ms,92 ms,77 ms,36 ms
2026-09-11 04:54:30,97 ms,84 ms,67 ms,35 ms
2026-09-11 04:55:00,169 ms,83 ms,56 ms,33 ms
2026-09-11 04:55:30,172 ms,49 ms,47 ms,33 ms
2026-09-11 04:56:00,93 ms,67 ms,49 ms,32 ms
2026-09-11 04:56:30,165 ms,88 ms,71 ms,32 ms
2026-09-11 04:57:00,875 ms,212 ms,93 ms,36 ms
2026-09-11 04:57:30,873 ms,362 ms,99 ms,36 ms
2026-09-11 04:58:00,345 ms,99 ms,68 ms,35 ms
2026-09-11 04:58:30,161 ms,88 ms,69 ms,36 ms
2026-09-11 04:59:00,175 ms,91 ms,75 ms,35 ms
2026-09-11 04:59:30,438 ms,225 ms,100 ms,34 ms
2026-09-11 05:00:00,750 ms,406 ms,250 ms,37 ms
2026-09-11 05:00:30,745 ms,306 ms,86 ms,35 ms
2026-09-11 05:01:00,372 ms,84 ms,59 ms,35 ms
2026-09-11 05:01:30,365 ms,86 ms,63 ms,35 ms
2026-09-11 05:02:00,358 ms,85 ms,61 ms,34 ms
2026-09-11 05:02:30,343 ms,90 ms,64 ms,33 ms
2026-09-11 05:03:00,335 ms,98 ms,80 ms,35 ms
2026-09-11 05:03:30,343 ms,142 ms,86 ms,36 ms
2026-09-11 05:04:00,347 ms,100 ms,74 ms,35 ms
2026-09-11 05:04:30,426 ms,108 ms,76 ms,35 ms
2026-09-11 05:05:00,370 ms,95 ms,73 ms,35 ms
2026-09-11 05:05:30,378 ms,97 ms,82 ms,38 ms
2026-09-11 05:06:00,442 ms,239 ms,152 ms,39 ms
2026-09-11 05:06:30,750 ms,425 ms,300 ms,42 ms
2026-09-11 05:07:00,720 ms,388 ms,228 ms,38 ms
2026-09-11 05:07:30,171 ms,86 ms,64 ms,33 ms
2026-09-11 05:08:00,453 ms,262 ms,89 ms,34 ms
2026-09-11 05:08:30,457 ms,283 ms,88 ms,33 ms
2026-09-11 05:09:00,96 ms,78 ms,56 ms,34 ms
2026-09-11 05:09:30,363 ms,184 ms,95 ms,37 ms
2026-09-11 05:10:00,380 ms,208 ms,136 ms,37 ms
2026-09-11 05:10:30,367 ms,89 ms,50 ms,34 ms
2026-09-11 05:11:00,372 ms,84 ms,59 ms,35 ms
2026-09-11 05:11:30,94 ms,72 ms,50 ms,34 ms
2026-09-11 05:12:00,209 ms,81 ms,49 ms,33 ms
2026-09-11 05:12:30,431 ms,194 ms,50 ms,32 ms
2026-09-11 05:13:00,434 ms,95 ms,76 ms,33 ms
2026-09-11 05:13:30,474 ms,370 ms,99 ms,36 ms
2026-09-11 05:14:00,479 ms,396 ms,292 ms,35 ms
2026-09-11 05:14:30,375 ms,92 ms,50 ms,35 ms
2026-09-11 05:15:00,367 ms,126 ms,87 ms,38 ms
2026-09-11 05:15:30,365 ms,123 ms,87 ms,39 ms
2026-09-11 05:16:00,214 ms,96 ms,75 ms,36 ms
2026-09-11 05:16:30,870 ms,205 ms,80 ms,33 ms
2026-09-11 05:17:00,878 ms,182 ms,52 ms,31 ms
2026-09-11 05:17:30,436 ms,168 ms,50 ms,31 ms
2026-09-11 05:18:00,430 ms,220 ms,115 ms,35 ms
2026-09-11 05:18:30,230 ms,149 ms,90 ms,37 ms
2026-09-11 05:19:00,172 ms,91 ms,77 ms,38 ms
2026-09-11 05:19:30,202 ms,95 ms,83 ms,36 ms
2026-09-11 05:20:00,370 ms,99 ms,84 ms,35 ms
2026-09-11 05:20:30,370 ms,190 ms,99 ms,37 ms
2026-09-11 05:21:00,347 ms,212 ms,154 ms,37 ms
2026-09-11 05:21:30,345 ms,171 ms,90 ms,36 ms
2026-09-11 05:22:00,96 ms,80 ms,60 ms,35 ms
2026-09-11 05:22:30,96 ms,81 ms,61 ms,36 ms
2026-09-11 05:23:00,472 ms,359 ms,175 ms,37 ms
2026-09-11 05:23:30,469 ms,344 ms,200 ms,36 ms
2026-09-11 05:24:00,222 ms,108 ms,73 ms,34 ms
2026-09-11 05:24:30,168 ms,90 ms,75 ms,36 ms
2026-09-11 05:25:00,166 ms,87 ms,67 ms,35 ms
2026-09-11 05:25:30,222 ms,110 ms,57 ms,32 ms
2026-09-11 05:26:00,213 ms,90 ms,50 ms,33 ms
2026-09-11 05:26:30,360 ms,93 ms,67 ms,35 ms
2026-09-11 05:27:00,343 ms,142 ms,77 ms,34 ms
2026-09-11 05:27:30,229 ms,143 ms,72 ms,34 ms
2026-09-11 05:28:00,207 ms,93 ms,69 ms,34 ms
2026-09-11 05:28:30,169 ms,83 ms,56 ms,30 ms
2026-09-11 05:29:00,215 ms,91 ms,49 ms,29 ms
2026-09-11 05:29:30,367 ms,95 ms,73 ms,33 ms
2026-09-11 05:30:00,715 ms,207 ms,93 ms,35 ms
2026-09-11 05:30:30,735 ms,167 ms,84 ms,33 ms
2026-09-11 05:31:00,208 ms,96 ms,80 ms,31 ms
2026-09-11 05:31:30,363 ms,163 ms,89 ms,31 ms
2026-09-11 05:32:00,370 ms,96 ms,77 ms,32 ms
2026-09-11 05:32:30,166 ms,89 ms,73 ms,36 ms
2026-09-11 05:33:00,427 ms,216 ms,108 ms,37 ms
2026-09-11 05:33:30,431 ms,228 ms,145 ms,39 ms
2026-09-11 05:34:00,370 ms,170 ms,93 ms,39 ms
2026-09-11 05:34:30,740 ms,300 ms,99 ms,38 ms
2026-09-11 05:35:00,725 ms,228 ms,145 ms,41 ms
2026-09-11 05:35:30,234 ms,169 ms,98 ms,39 ms
2026-09-11 05:36:00,181 ms,91 ms,74 ms,35 ms
2026-09-11 05:36:30,175 ms,81 ms,50 ms,34 ms
2026-09-11 05:37:00,380 ms,180 ms,90 ms,34 ms
2026-09-11 05:37:30,383 ms,183 ms,94 ms,36 ms
2026-09-11 05:38:00,205 ms,93 ms,71 ms,34 ms
2026-09-11 05:38:30,218 ms,98 ms,75 ms,35 ms
2026-09-11 05:39:00,207 ms,91 ms,63 ms,35 ms
2026-09-11 05:39:30,373 ms,91 ms,50 ms,35 ms
2026-09-11 05:40:00,373 ms,134 ms,79 ms,36 ms
2026-09-11 05:40:30,176 ms,82 ms,51 ms,34 ms
2026-09-11 05:41:00,178 ms,88 ms,68 ms,36 ms
2026-09-11 05:41:30,362 ms,95 ms,78 ms,34 ms
2026-09-11 05:42:00,370 ms,94 ms,68 ms,33 ms
2026-09-11 05:42:30,216 ms,96 ms,58 ms,36 ms
2026-09-11 05:43:00,223 ms,118 ms,62 ms,35 ms
2026-09-11 05:43:30,222 ms,108 ms,78 ms,35 ms
2026-09-11 05:44:00,206 ms,94 ms,76 ms,35 ms
2026-09-11 05:44:30,439 ms,217 ms,94 ms,37 ms
2026-09-11 05:45:00,443 ms,229 ms,95 ms,36 ms
2026-09-11 05:45:30,173 ms,61 ms,48 ms,27 ms
2026-09-11 05:46:00,372 ms,72 ms,48 ms,28 ms
2026-09-11 05:46:30,380 ms,93 ms,53 ms,32 ms
2026-09-11 05:47:00,441 ms,94 ms,55 ms,34 ms
2026-09-11 05:47:30,434 ms,153 ms,50 ms,33 ms
2026-09-11 05:48:00,226 ms,130 ms,90 ms,35 ms
2026-09-11 05:48:30,226 ms,132 ms,93 ms,39 ms
2026-09-11 05:49:00,368 ms,188 ms,98 ms,38 ms
2026-09-11 05:49:30,367 ms,188 ms,98 ms,37 ms
2026-09-11 05:50:00,224 ms,122 ms,89 ms,34 ms
2026-09-11 05:50:30,213 ms,97 ms,80 ms,35 ms
2026-09-11 05:51:00,735 ms,153 ms,84 ms,36 ms
2026-09-11 05:51:30,740 ms,205 ms,93 ms,37 ms
2026-09-11 05:52:00,212 ms,96 ms,78 ms,34 ms
2026-09-11 05:52:30,210 ms,95 ms,77 ms,34 ms
2026-09-11 05:53:00,169 ms,87 ms,66 ms,33 ms
2026-09-11 05:53:30,95 ms,75 ms,51 ms,29 ms
2026-09-11 05:54:00,224 ms,120 ms,78 ms,34 ms
2026-09-11 05:54:30,224 ms,123 ms,74 ms,36 ms
2026-09-11 05:55:00,96 ms,78 ms,56 ms,32 ms
2026-09-11 05:55:30,221 ms,105 ms,60 ms,32 ms
2026-09-11 05:56:00,224 ms,123 ms,65 ms,34 ms
2026-09-11 05:56:30,383 ms,97 ms,77 ms,35 ms
2026-09-11 05:57:00,367 ms,167 ms,89 ms,36 ms
2026-09-11 05:57:30,226 ms,128 ms,68 ms,35 ms
2026-09-11 05:58:00,370 ms,190 ms,98 ms,37 ms
2026-09-11 05:58:30,470 ms,350 ms,210 ms,40 ms
2026-09-11 05:59:00,461 ms,304 ms,165 ms,38 ms
2026-09-11 05:59:30,227 ms,135 ms,68 ms,35 ms
2026-09-11 06:00:00,397 ms,50 ms,48 ms,34 ms