"Time","已分配"
2026-09-10 12:00:00,667 GiB
2026-09-10 12:00:30,667 GiB
2026-09-10 12:01:00,667 GiB
2026-09-10 12:01:30,667 GiB
2026-09-10 12:02:00,667 GiB
2026-09-10 12:02:30,667 GiB
2026-09-10 12:03:00,667 GiB
2026-09-10 12:03:30,667 GiB
2026-09-10 12:04:00,667 GiB
2026-09-10 12:04:30,667 GiB
2026-09-10 12:05:00,667 GiB
2026-09-10 12:05:30,667 GiB
2026-09-10 12:06:00,667 GiB
2026-09-10 12:06:30,667 GiB
2026-09-10 12:07:00,667 GiB
2026-09-10 12:07:30,667 GiB
2026-09-10 12:08:00,667 GiB
2026-09-10 12:08:30,667 GiB
2026-09-10 12:09:00,667 GiB
2026-09-10 12:09:30,667 GiB
2026-09-10 12:10:00,667 GiB
2026-09-10 12:10:30,667 GiB
2026-09-10 12:11:00,667 GiB
2026-09-10 12:11:30,667 GiB
2026-09-10 12:12:00,667 GiB
2026-09-10 12:12:30,667 GiB
2026-09-10 12:13:00,667 GiB
2026-09-10 12:13:30,667 GiB
2026-09-10 12:14:00,667 GiB
2026-09-10 12:14:30,667 GiB
2026-09-10 12:15:00,667 GiB
2026-09-10 12:15:30,667 GiB
2026-09-10 12:16:00,667 GiB
2026-09-10 12:16:30,667 GiB
2026-09-10 12:17:00,667 GiB
2026-09-10 12:17:30,667 GiB
2026-09-10 12:18:00,667 GiB
2026-09-10 12:18:30,667 GiB
2026-09-10 12:19:00,667 GiB
2026-09-10 12:19:30,667 GiB
2026-09-10 12:20:00,667 GiB
2026-09-10 12:20:30,667 GiB
2026-09-10 12:21:00,667 GiB
2026-09-10 12:21:30,667 GiB
2026-09-10 12:22:00,667 GiB
2026-09-10 12:22:30,667 GiB
2026-09-10 12:23:00,667 GiB
2026-09-10 12:23:30,667 GiB
2026-09-10 12:24:00,667 GiB
2026-09-10 12:24:30,667 GiB
2026-09-10 12:25:00,667 GiB
2026-09-10 12:25:30,667 GiB
2026-09-10 12:26:00,667 GiB
2026-09-10 12:26:30,667 GiB
2026-09-10 12:27:00,667 GiB
2026-09-10 12:27:30,667 GiB
2026-09-10 12:28:00,667 GiB
2026-09-10 12:28:30,667 GiB
2026-09-10 12:29:00,667 GiB
2026-09-10 12:29:30,667 GiB
2026-09-10 12:30:00,667 GiB
2026-09-10 12:30:30,667 GiB
2026-09-10 12:31:00,667 GiB
2026-09-10 12:31:30,667 GiB
2026-09-10 12:32:00,667 GiB
2026-09-10 12:32:30,667 GiB
2026-09-10 12:33:00,667 GiB
2026-09-10 12:33:30,667 GiB
2026-09-10 12:34:00,667 GiB
2026-09-10 12:34:30,667 GiB
2026-09-10 12:35:00,667 GiB
2026-09-10 12:35:30,667 GiB
2026-09-10 12:36:00,667 GiB
2026-09-10 12:36:30,667 GiB
2026-09-10 12:37:00,667 GiB
2026-09-10 12:37:30,667 GiB
2026-09-10 12:38:00,667 GiB
2026-09-10 12:38:30,667 GiB
2026-09-10 12:39:00,667 GiB
2026-09-10 12:39:30,667 GiB
2026-09-10 12:40:00,667 GiB
2026-09-10 12:40:30,667 GiB
2026-09-10 12:41:00,667 GiB
2026-09-10 12:41:30,671 GiB
2026-09-10 12:42:00,617 GiB
2026-09-10 12:42:30,634 GiB
2026-09-10 12:43:00,647 GiB
2026-09-10 12:43:30,664 GiB
2026-09-10 12:44:00,616 GiB
2026-09-10 12:44:30,633 GiB
2026-09-10 12:45:00,650 GiB
2026-09-10 12:45:30,667 GiB
2026-09-10 12:46:00,619 GiB
2026-09-10 12:46:30,635 GiB
2026-09-10 12:47:00,651 GiB
2026-09-10 12:47:30,648 GiB
2026-09-10 12:48:00,668 GiB
2026-09-10 12:48:30,627 GiB
2026-09-10 12:49:00,643 GiB
2026-09-10 12:49:30,660 GiB
2026-09-10 12:50:00,611 GiB
2026-09-10 12:50:30,628 GiB
2026-09-10 12:51:00,645 GiB
2026-09-10 12:51:30,662 GiB
2026-09-10 12:52:00,669 GiB
2026-09-10 12:52:30,669 GiB
2026-09-10 12:53:00,628 GiB
2026-09-10 12:53:30,639 GiB
2026-09-10 12:54:00,660 GiB
2026-09-10 12:54:30,668 GiB
2026-09-10 12:55:00,629 GiB
2026-09-10 12:55:30,630 GiB
2026-09-10 12:56:00,639 GiB
2026-09-10 12:56:30,661 GiB
2026-09-10 12:57:00,661 GiB
2026-09-10 12:57:30,637 GiB
2026-09-10 12:58:00,625 GiB
2026-09-10 12:58:30,638 GiB
2026-09-10 12:59:00,627 GiB
2026-09-10 12:59:30,639 GiB
2026-09-10 13:00:00,655 GiB
2026-09-10 13:00:30,669 GiB
2026-09-10 13:01:00,630 GiB
2026-09-10 13:01:30,626 GiB
2026-09-10 13:02:00,649 GiB
2026-09-10 13:02:30,663 GiB
2026-09-10 13:03:00,624 GiB
2026-09-10 13:03:30,632 GiB
2026-09-10 13:04:00,621 GiB
2026-09-10 13:04:30,669 GiB
2026-09-10 13:05:00,626 GiB
2026-09-10 13:05:30,652 GiB
2026-09-10 13:06:00,634 GiB
2026-09-10 13:06:30,646 GiB
2026-09-10 13:07:00,661 GiB
2026-09-10 13:07:30,671 GiB
2026-09-10 13:08:00,647 GiB
2026-09-10 13:08:30,627 GiB
2026-09-10 13:09:00,619 GiB
2026-09-10 13:09:30,664 GiB
2026-09-10 13:10:00,667 GiB
2026-09-10 13:10:30,665 GiB
2026-09-10 13:11:00,655 GiB
2026-09-10 13:11:30,673 GiB
2026-09-10 13:12:00,674 GiB
2026-09-10 13:12:30,615 GiB
2026-09-10 13:13:00,639 GiB
2026-09-10 13:13:30,627 GiB
2026-09-10 13:14:00,658 GiB
2026-09-10 13:14:30,663 GiB
2026-09-10 13:15:00,623 GiB
2026-09-10 13:15:30,613 GiB
2026-09-10 13:16:00,623 GiB
2026-09-10 13:16:30,649 GiB
2026-09-10 13:17:00,670 GiB
2026-09-10 13:17:30,638 GiB
2026-09-10 13:18:00,631 GiB
2026-09-10 13:18:30,658 GiB
2026-09-10 13:19:00,654 GiB
2026-09-10 13:19:30,676 GiB
2026-09-10 13:20:00,618 GiB
2026-09-10 13:20:30,643 GiB
2026-09-10 13:21:00,665 GiB
2026-09-10 13:21:30,669 GiB
2026-09-10 13:22:00,626 GiB
2026-09-10 13:22:30,625 GiB
2026-09-10 13:23:00,660 GiB
2026-09-10 13:23:30,671 GiB
2026-09-10 13:24:00,656 GiB
2026-09-10 13:24:30,662 GiB
2026-09-10 13:25:00,628 GiB
2026-09-10 13:25:30,629 GiB
2026-09-10 13:26:00,649 GiB
2026-09-10 13:26:30,650 GiB
2026-09-10 13:27:00,654 GiB
2026-09-10 13:27:30,667 GiB
2026-09-10 13:28:00,630 GiB
2026-09-10 13:28:30,656 GiB
2026-09-10 13:29:00,648 GiB
2026-09-10 13:29:30,617 GiB
2026-09-10 13:30:00,618 GiB
2026-09-10 13:30:30,658 GiB
2026-09-10 13:31:00,645 GiB
2026-09-10 13:31:30,662 GiB
2026-09-10 13:32:00,669 GiB
2026-09-10 13:32:30,636 GiB
2026-09-10 13:33:00,656 GiB
2026-09-10 13:33:30,667 GiB
2026-09-10 13:34:00,636 GiB
2026-09-10 13:34:30,627 GiB
2026-09-10 13:35:00,666 GiB
2026-09-10 13:35:30,674 GiB
2026-09-10 13:36:00,655 GiB
2026-09-10 13:36:30,676 GiB
2026-09-10 13:37:00,666 GiB
2026-09-10 13:37:30,669 GiB
2026-09-10 13:38:00,640 GiB
2026-09-10 13:38:30,655 GiB
2026-09-10 13:39:00,637 GiB
2026-09-10 13:39:30,617 GiB
2026-09-10 13:40:00,628 GiB
2026-09-10 13:40:30,622 GiB
2026-09-10 13:41:00,642 GiB
2026-09-10 13:41:30,648 GiB
2026-09-10 13:42:00,665 GiB
2026-09-10 13:42:30,614 GiB
2026-09-10 13:43:00,631 GiB
2026-09-10 13:43:30,653 GiB
2026-09-10 13:44:00,656 GiB
2026-09-10 13:44:30,616 GiB
2026-09-10 13:45:00,616 GiB
2026-09-10 13:45:30,640 GiB
2026-09-10 13:46:00,643 GiB
2026-09-10 13:46:30,675 GiB
2026-09-10 13:47:00,661 GiB
2026-09-10 13:47:30,631 GiB
2026-09-10 13:48:00,648 GiB
2026-09-10 13:48:30,635 GiB
2026-09-10 13:49:00,662 GiB
2026-09-10 13:49:30,663 GiB
2026-09-10 13:50:00,623 GiB
2026-09-10 13:50:30,635 GiB
2026-09-10 13:51:00,639 GiB
2026-09-10 13:51:30,630 GiB
2026-09-10 13:52:00,623 GiB
2026-09-10 13:52:30,636 GiB
2026-09-10 13:53:00,637 GiB
2026-09-10 13:53:30,655 GiB
2026-09-10 13:54:00,641 GiB
2026-09-10 13:54:30,671 GiB
2026-09-10 13:55:00,618 GiB
2026-09-10 13:55:30,646 GiB
2026-09-10 13:56:00,652 GiB
2026-09-10 13:56:30,675 GiB
2026-09-10 13:57:00,643 GiB
2026-09-10 13:57:30,679 GiB
2026-09-10 13:58:00,635 GiB
2026-09-10 13:58:30,664 GiB
2026-09-10 13:59:00,677 GiB
2026-09-10 13:59:30,639 GiB
2026-09-10 14:00:00,667 GiB
2026-09-10 14:00:30,624 GiB
2026-09-10 14:01:00,649 GiB
2026-09-10 14:01:30,649 GiB
2026-09-10 14:02:00,622 GiB
2026-09-10 14:02:30,672 GiB
2026-09-10 14:03:00,634 GiB
2026-09-10 14:03:30,661 GiB
2026-09-10 14:04:00,628 GiB
2026-09-10 14:04:30,678 GiB
2026-09-10 14:05:00,631 GiB
2026-09-10 14:05:30,634 GiB
2026-09-10 14:06:00,649 GiB
2026-09-10 14:06:30,626 GiB
2026-09-10 14:07:00,629 GiB
2026-09-10 14:07:30,655 GiB
2026-09-10 14:08:00,617 GiB
2026-09-10 14:08:30,643 GiB
2026-09-10 14:09:00,669 GiB
2026-09-10 14:09:30,623 GiB
2026-09-10 14:10:00,637 GiB
2026-09-10 14:10:30,641 GiB
2026-09-10 14:11:00,612 GiB
2026-09-10 14:11:30,639 GiB
2026-09-10 14:12:00,671 GiB
2026-09-10 14:12:30,639 GiB
2026-09-10 14:13:00,665 GiB
2026-09-10 14:13:30,645 GiB
2026-09-10 14:14:00,648 GiB
2026-09-10 14:14:30,669 GiB
2026-09-10 14:15:00,672 GiB
2026-09-10 14:15:30,649 GiB
2026-09-10 14:16:00,638 GiB
2026-09-10 14:16:30,670 GiB
2026-09-10 14:17:00,641 GiB
2026-09-10 14:17:30,618 GiB
2026-09-10 14:18:00,637 GiB
2026-09-10 14:18:30,665 GiB
2026-09-10 14:19:00,612 GiB
2026-09-10 14:19:30,660 GiB
2026-09-10 14:20:00,668 GiB
2026-09-10 14:20:30,637 GiB
2026-09-10 14:21:00,659 GiB
2026-09-10 14:21:30,614 GiB
2026-09-10 14:22:00,654 GiB
2026-09-10 14:22:30,611 GiB
2026-09-10 14:23:00,647 GiB
2026-09-10 14:23:30,648 GiB
2026-09-10 14:24:00,617 GiB
2026-09-10 14:24:30,641 GiB
2026-09-10 14:25:00,659 GiB
2026-09-10 14:25:30,621 GiB
2026-09-10 14:26:00,626 GiB
2026-09-10 14:26:30,663 GiB
2026-09-10 14:27:00,661 GiB
2026-09-10 14:27:30,664 GiB
2026-09-10 14:28:00,652 GiB
2026-09-10 14:28:30,642 GiB
2026-09-10 14:29:00,656 GiB
2026-09-10 14:29:30,665 GiB
2026-09-10 14:30:00,616 GiB
2026-09-10 14:30:30,654 GiB
2026-09-10 14:31:00,659 GiB
2026-09-10 14:31:30,657 GiB
2026-09-10 14:32:00,667 GiB
2026-09-10 14:32:30,670 GiB
2026-09-10 14:33:00,614 GiB
2026-09-10 14:33:30,621 GiB
2026-09-10 14:34:00,652 GiB
2026-09-10 14:34:30,642 GiB
2026-09-10 14:35:00,633 GiB
2026-09-10 14:35:30,662 GiB
2026-09-10 14:36:00,648 GiB
2026-09-10 14:36:30,659 GiB
2026-09-10 14:37:00,666 GiB
2026-09-10 14:37:30,615 GiB
2026-09-10 14:38:00,613 GiB
2026-09-10 14:38:30,613 GiB
2026-09-10 14:39:00,620 GiB
2026-09-10 14:39:30,630 GiB
2026-09-10 14:40:00,632 GiB
2026-09-10 14:40:30,637 GiB
2026-09-10 14:41:00,651 GiB
2026-09-10 14:41:30,656 GiB
2026-09-10 14:42:00,666 GiB
2026-09-10 14:42:30,646 GiB
2026-09-10 14:43:00,666 GiB
2026-09-10 14:43:30,666 GiB
2026-09-10 14:44:00,622 GiB
2026-09-10 14:44:30,664 GiB
2026-09-10 14:45:00,665 GiB
2026-09-10 14:45:30,675 GiB
2026-09-10 14:46:00,626 GiB
2026-09-10 14:46:30,630 GiB
2026-09-10 14:47:00,649 GiB
2026-09-10 14:47:30,656 GiB
2026-09-10 14:48:00,655 GiB
2026-09-10 14:48:30,669 GiB
2026-09-10 14:49:00,651 GiB
2026-09-10 14:49:30,676 GiB
2026-09-10 14:50:00,674 GiB
2026-09-10 14:50:30,615 GiB
2026-09-10 14:51:00,617 GiB
2026-09-10 14:51:30,627 GiB
2026-09-10 14:52:00,625 GiB
2026-09-10 14:52:30,669 GiB
2026-09-10 14:53:00,648 GiB
2026-09-10 14:53:30,623 GiB
2026-09-10 14:54:00,632 GiB
2026-09-10 14:54:30,644 GiB
2026-09-10 14:55:00,652 GiB
2026-09-10 14:55:30,646 GiB
2026-09-10 14:56:00,664 GiB
2026-09-10 14:56:30,632 GiB
2026-09-10 14:57:00,649 GiB
2026-09-10 14:57:30,646 GiB
2026-09-10 14:58:00,657 GiB
2026-09-10 14:58:30,676 GiB
2026-09-10 14:59:00,640 GiB
2026-09-10 14:59:30,672 GiB
2026-09-10 15:00:00,666 GiB
2026-09-10 15:00:30,627 GiB
2026-09-10 15:01:00,645 GiB
2026-09-10 15:01:30,672 GiB
2026-09-10 15:02:00,666 GiB
2026-09-10 15:02:30,625 GiB
2026-09-10 15:03:00,620 GiB
2026-09-10 15:03:30,625 GiB
2026-09-10 15:04:00,621 GiB
2026-09-10 15:04:30,643 GiB
2026-09-10 15:05:00,652 GiB
2026-09-10 15:05:30,648 GiB
2026-09-10 15:06:00,654 GiB
2026-09-10 15:06:30,647 GiB
2026-09-10 15:07:00,656 GiB
2026-09-10 15:07:30,650 GiB
2026-09-10 15:08:00,666 GiB
2026-09-10 15:08:30,652 GiB
2026-09-10 15:09:00,659 GiB
2026-09-10 15:09:30,656 GiB
2026-09-10 15:10:00,658 GiB
2026-09-10 15:10:30,651 GiB
2026-09-10 15:11:00,631 GiB
2026-09-10 15:11:30,647 GiB
2026-09-10 15:12:00,650 GiB
2026-09-10 15:12:30,666 GiB
2026-09-10 15:13:00,669 GiB
2026-09-10 15:13:30,610 GiB
2026-09-10 15:14:00,678 GiB
2026-09-10 15:14:30,671 GiB
2026-09-10 15:15:00,617 GiB
2026-09-10 15:15:30,680 GiB
2026-09-10 15:16:00,623 GiB
2026-09-10 15:16:30,665 GiB
2026-09-10 15:17:00,627 GiB
2026-09-10 15:17:30,622 GiB
2026-09-10 15:18:00,612 GiB
2026-09-10 15:18:30,618 GiB
2026-09-10 15:19:00,650 GiB
2026-09-10 15:19:30,626 GiB
2026-09-10 15:20:00,673 GiB
2026-09-10 15:20:30,613 GiB
2026-09-10 15:21:00,674 GiB
2026-09-10 15:21:30,609 GiB
2026-09-10 15:22:00,672 GiB
2026-09-10 15:22:30,648 GiB
2026-09-10 15:23:00,660 GiB
2026-09-10 15:23:30,654 GiB
2026-09-10 15:24:00,674 GiB
2026-09-10 15:24:30,670 GiB
2026-09-10 15:25:00,664 GiB
2026-09-10 15:25:30,678 GiB
2026-09-10 15:26:00,621 GiB
2026-09-10 15:26:30,636 GiB
2026-09-10 15:27:00,639 GiB
2026-09-10 15:27:30,640 GiB
2026-09-10 15:28:00,633 GiB
2026-09-10 15:28:30,629 GiB
2026-09-10 15:29:00,622 GiB
2026-09-10 15:29:30,636 GiB
2026-09-10 15:30:00,617 GiB
2026-09-10 15:30:30,620 GiB
2026-09-10 15:31:00,619 GiB
2026-09-10 15:31:30,671 GiB
2026-09-10 15:32:00,610 GiB
2026-09-10 15:32:30,664 GiB
2026-09-10 15:33:00,659 GiB
2026-09-10 15:33:30,671 GiB
2026-09-10 15:34:00,633 GiB
2026-09-10 15:34:30,627 GiB
2026-09-10 15:35:00,626 GiB
2026-09-10 15:35:30,625 GiB
2026-09-10 15:36:00,636 GiB
2026-09-10 15:36:30,635 GiB
2026-09-10 15:37:00,640 GiB
2026-09-10 15:37:30,657 GiB
2026-09-10 15:38:00,625 GiB
2026-09-10 15:38:30,650 GiB
2026-09-10 15:39:00,633 GiB
2026-09-10 15:39:30,633 GiB
2026-09-10 15:40:00,635 GiB
2026-09-10 15:40:30,614 GiB
2026-09-10 15:41:00,658 GiB
2026-09-10 15:41:30,670 GiB
2026-09-10 15:42:00,633 GiB
2026-09-10 15:42:30,660 GiB
2026-09-10 15:43:00,663 GiB
2026-09-10 15:43:30,647 GiB
2026-09-10 15:44:00,646 GiB
2026-09-10 15:44:30,634 GiB
2026-09-10 15:45:00,655 GiB
2026-09-10 15:45:30,636 GiB
2026-09-10 15:46:00,639 GiB
2026-09-10 15:46:30,630 GiB
2026-09-10 15:47:00,668 GiB
2026-09-10 15:47:30,647 GiB
2026-09-10 15:48:00,631 GiB
2026-09-10 15:48:30,659 GiB
2026-09-10 15:49:00,654 GiB
2026-09-10 15:49:30,628 GiB
2026-09-10 15:50:00,617 GiB
2026-09-10 15:50:30,655 GiB
2026-09-10 15:51:00,651 GiB
2026-09-10 15:51:30,642 GiB
2026-09-10 15:52:00,623 GiB
2026-09-10 15:52:30,675 GiB
2026-09-10 15:53:00,619 GiB
2026-09-10 15:53:30,616 GiB
2026-09-10 15:54:00,654 GiB
2026-09-10 15:54:30,657 GiB
2026-09-10 15:55:00,627 GiB
2026-09-10 15:55:30,621 GiB
2026-09-10 15:56:00,663 GiB
2026-09-10 15:56:30,656 GiB
2026-09-10 15:57:00,647 GiB
2026-09-10 15:57:30,639 GiB
2026-09-10 15:58:00,622 GiB
2026-09-10 15:58:30,635 GiB
2026-09-10 15:59:00,626 GiB
2026-09-10 15:59:30,651 GiB
2026-09-10 16:00:00,637 GiB
2026-09-10 16:00:30,671 GiB
2026-09-10 16:01:00,670 GiB
2026-09-10 16:01:30,659 GiB
2026-09-10 16:02:00,654 GiB
2026-09-10 16:02:30,632 GiB
2026-09-10 16:03:00,673 GiB
2026-09-10 16:03:30,627 GiB
2026-09-10 16:04:00,673 GiB
2026-09-10 16:04:30,659 GiB
2026-09-10 16:05:00,624 GiB
2026-09-10 16:05:30,674 GiB
2026-09-10 16:06:00,646 GiB
2026-09-10 16:06:30,650 GiB
2026-09-10 16:07:00,673 GiB
2026-09-10 16:07:30,648 GiB
2026-09-10 16:08:00,633 GiB
2026-09-10 16:08:30,631 GiB
2026-09-10 16:09:00,623 GiB
2026-09-10 16:09:30,674 GiB
2026-09-10 16:10:00,648 GiB
2026-09-10 16:10:30,668 GiB
2026-09-10 16:11:00,652 GiB
2026-09-10 16:11:30,625 GiB
2026-09-10 16:12:00,664 GiB
2026-09-10 16:12:30,649 GiB
2026-09-10 16:13:00,627 GiB
2026-09-10 16:13:30,663 GiB
2026-09-10 16:14:00,653 GiB
2026-09-10 16:14:30,641 GiB
2026-09-10 16:15:00,682 GiB
2026-09-10 16:15:30,675 GiB
2026-09-10 16:16:00,635 GiB
2026-09-10 16:16:30,621 GiB
2026-09-10 16:17:00,657 GiB
2026-09-10 16:17:30,643 GiB
2026-09-10 16:18:00,682 GiB
2026-09-10 16:18:30,648 GiB
2026-09-10 16:19:00,624 GiB
2026-09-10 16:19:30,663 GiB
2026-09-10 16:20:00,639 GiB
2026-09-10 16:20:30,668 GiB
2026-09-10 16:21:00,656 GiB
2026-09-10 16:21:30,635 GiB
2026-09-10 16:22:00,624 GiB
2026-09-10 16:22:30,623 GiB
2026-09-10 16:23:00,670 GiB
2026-09-10 16:23:30,664 GiB
2026-09-10 16:24:00,643 GiB
2026-09-10 16:24:30,635 GiB
2026-09-10 16:25:00,669 GiB
2026-09-10 16:25:30,661 GiB
2026-09-10 16:26:00,625 GiB
2026-09-10 16:26:30,629 GiB
2026-09-10 16:27:00,675 GiB
2026-09-10 16:27:30,619 GiB
2026-09-10 16:28:00,643 GiB
2026-09-10 16:28:30,674 GiB
2026-09-10 16:29:00,658 GiB
2026-09-10 16:29:30,674 GiB
2026-09-10 16:30:00,658 GiB
2026-09-10 16:30:30,656 GiB
2026-09-10 16:31:00,641 GiB
2026-09-10 16:31:30,636 GiB
2026-09-10 16:32:00,635 GiB
2026-09-10 16:32:30,661 GiB
2026-09-10 16:33:00,643 GiB
2026-09-10 16:33:30,632 GiB
2026-09-10 16:34:00,666 GiB
2026-09-10 16:34:30,665 GiB
2026-09-10 16:35:00,649 GiB
2026-09-10 16:35:30,636 GiB
2026-09-10 16:36:00,665 GiB
2026-09-10 16:36:30,657 GiB
2026-09-10 16:37:00,634 GiB
2026-09-10 16:37:30,637 GiB
2026-09-10 16:38:00,676 GiB
2026-09-10 16:38:30,632 GiB
2026-09-10 16:39:00,630 GiB
2026-09-10 16:39:30,639 GiB
2026-09-10 16:40:00,651 GiB
2026-09-10 16:40:30,624 GiB
2026-09-10 16:41:00,639 GiB
2026-09-10 16:41:30,662 GiB
2026-09-10 16:42:00,667 GiB
2026-09-10 16:42:30,639 GiB
2026-09-10 16:43:00,620 GiB
2026-09-10 16:43:30,631 GiB
2026-09-10 16:44:00,654 GiB
2026-09-10 16:44:30,659 GiB
2026-09-10 16:45:00,676 GiB
2026-09-10 16:45:30,631 GiB
2026-09-10 16:46:00,645 GiB
2026-09-10 16:46:30,645 GiB
2026-09-10 16:47:00,648 GiB
2026-09-10 16:47:30,667 GiB
2026-09-10 16:48:00,618 GiB
2026-09-10 16:48:30,631 GiB
2026-09-10 16:49:00,624 GiB
2026-09-10 16:49:30,669 GiB
2026-09-10 16:50:00,671 GiB
2026-09-10 16:50:30,640 GiB
2026-09-10 16:51:00,628 GiB
2026-09-10 16:51:30,628 GiB
2026-09-10 16:52:00,673 GiB
2026-09-10 16:52:30,652 GiB
2026-09-10 16:53:00,618 GiB
2026-09-10 16:53:30,661 GiB
2026-09-10 16:54:00,621 GiB
2026-09-10 16:54:30,660 GiB
2026-09-10 16:55:00,658 GiB
2026-09-10 16:55:30,678 GiB
2026-09-10 16:56:00,646 GiB
2026-09-10 16:56:30,668 GiB
2026-09-10 16:57:00,646 GiB
2026-09-10 16:57:30,664 GiB
2026-09-10 16:58:00,629 GiB
2026-09-10 16:58:30,672 GiB
2026-09-10 16:59:00,623 GiB
2026-09-10 16:59:30,639 GiB
2026-09-10 17:00:00,634 GiB
2026-09-10 17:00:30,674 GiB
2026-09-10 17:01:00,662 GiB
2026-09-10 17:01:30,636 GiB
2026-09-10 17:02:00,619 GiB
2026-09-10 17:02:30,631 GiB
2026-09-10 17:03:00,644 GiB
2026-09-10 17:03:30,630 GiB
2026-09-10 17:04:00,666 GiB
2026-09-10 17:04:30,629 GiB
2026-09-10 17:05:00,673 GiB
2026-09-10 17:05:30,625 GiB
2026-09-10 17:06:00,660 GiB
2026-09-10 17:06:30,653 GiB
2026-09-10 17:07:00,646 GiB
2026-09-10 17:07:30,643 GiB
2026-09-10 17:08:00,622 GiB
2026-09-10 17:08:30,630 GiB
2026-09-10 17:09:00,630 GiB
2026-09-10 17:09:30,625 GiB
2026-09-10 17:10:00,631 GiB
2026-09-10 17:10:30,630 GiB
2026-09-10 17:11:00,625 GiB
2026-09-10 17:11:30,665 GiB
2026-09-10 17:12:00,663 GiB
2026-09-10 17:12:30,636 GiB
2026-09-10 17:13:00,655 GiB
2026-09-10 17:13:30,632 GiB
2026-09-10 17:14:00,653 GiB
2026-09-10 17:14:30,646 GiB
2026-09-10 17:15:00,661 GiB
2026-09-10 17:15:30,653 GiB
2026-09-10 17:16:00,653 GiB
2026-09-10 17:16:30,644 GiB
2026-09-10 17:17:00,651 GiB
2026-09-10 17:17:30,645 GiB
2026-09-10 17:18:00,637 GiB
2026-09-10 17:18:30,629 GiB
2026-09-10 17:19:00,638 GiB
2026-09-10 17:19:30,646 GiB
2026-09-10 17:20:00,643 GiB
2026-09-10 17:20:30,631 GiB
2026-09-10 17:21:00,653 GiB
2026-09-10 17:21:30,659 GiB
2026-09-10 17:22:00,661 GiB
2026-09-10 17:22:30,625 GiB
2026-09-10 17:23:00,629 GiB
2026-09-10 17:23:30,652 GiB
2026-09-10 17:24:00,640 GiB
2026-09-10 17:24:30,648 GiB
2026-09-10 17:25:00,628 GiB
2026-09-10 17:25:30,622 GiB
2026-09-10 17:26:00,650 GiB
2026-09-10 17:26:30,659 GiB
2026-09-10 17:27:00,671 GiB
2026-09-10 17:27:30,603 GiB
2026-09-10 17:28:00,634 GiB
2026-09-10 17:28:30,611 GiB
2026-09-10 17:29:00,632 GiB
2026-09-10 17:29:30,613 GiB
2026-09-10 17:30:00,626 GiB
2026-09-10 17:30:30,627 GiB
2026-09-10 17:31:00,649 GiB
2026-09-10 17:31:30,613 GiB
2026-09-10 17:32:00,673 GiB
2026-09-10 17:32:30,610 GiB
2026-09-10 17:33:00,634 GiB
2026-09-10 17:33:30,625 GiB
2026-09-10 17:34:00,672 GiB
2026-09-10 17:34:30,611 GiB
2026-09-10 17:35:00,627 GiB
2026-09-10 17:35:30,664 GiB
2026-09-10 17:36:00,624 GiB
2026-09-10 17:36:30,653 GiB
2026-09-10 17:37:00,656 GiB
2026-09-10 17:37:30,632 GiB
2026-09-10 17:38:00,675 GiB
2026-09-10 17:38:30,605 GiB
2026-09-10 17:39:00,611 GiB
2026-09-10 17:39:30,646 GiB
2026-09-10 17:40:00,673 GiB
2026-09-10 17:40:30,613 GiB
2026-09-10 17:41:00,670 GiB
2026-09-10 17:41:30,632 GiB
2026-09-10 17:42:00,663 GiB
2026-09-10 17:42:30,643 GiB
2026-09-10 17:43:00,635 GiB
2026-09-10 17:43:30,662 GiB
2026-09-10 17:44:00,656 GiB
2026-09-10 17:44:30,633 GiB
2026-09-10 17:45:00,637 GiB
2026-09-10 17:45:30,627 GiB
2026-09-10 17:46:00,632 GiB
2026-09-10 17:46:30,665 GiB
2026-09-10 17:47:00,647 GiB
2026-09-10 17:47:30,631 GiB
2026-09-10 17:48:00,662 GiB
2026-09-10 17:48:30,671 GiB
2026-09-10 17:49:00,660 GiB
2026-09-10 17:49:30,623 GiB
2026-09-10 17:50:00,625 GiB
2026-09-10 17:50:30,659 GiB
2026-09-10 17:51:00,638 GiB
2026-09-10 17:51:30,660 GiB
2026-09-10 17:52:00,629 GiB
2026-09-10 17:52:30,643 GiB
2026-09-10 17:53:00,606 GiB
2026-09-10 17:53:30,660 GiB
2026-09-10 17:54:00,630 GiB
2026-09-10 17:54:30,654 GiB
2026-09-10 17:55:00,645 GiB
2026-09-10 17:55:30,659 GiB
2026-09-10 17:56:00,641 GiB
2026-09-10 17:56:30,666 GiB
2026-09-10 17:57:00,672 GiB
2026-09-10 17:57:30,653 GiB
2026-09-10 17:58:00,633 GiB
2026-09-10 17:58:30,666 GiB
2026-09-10 17:59:00,668 GiB
2026-09-10 17:59:30,635 GiB
2026-09-10 18:00:00,661 GiB
2026-09-10 18:00:30,627 GiB
2026-09-10 18:01:00,661 GiB
2026-09-10 18:01:30,629 GiB
2026-09-10 18:02:00,669 GiB
2026-09-10 18:02:30,668 GiB
2026-09-10 18:03:00,642 GiB
2026-09-10 18:03:30,651 GiB
2026-09-10 18:04:00,616 GiB
2026-09-10 18:04:30,661 GiB
2026-09-10 18:05:00,633 GiB
2026-09-10 18:05:30,671 GiB
2026-09-10 18:06:00,606 GiB
2026-09-10 18:06:30,676 GiB
2026-09-10 18:07:00,635 GiB
2026-09-10 18:07:30,675 GiB
2026-09-10 18:08:00,650 GiB
2026-09-10 18:08:30,668 GiB
2026-09-10 18:09:00,681 GiB
2026-09-10 18:09:30,674 GiB
2026-09-10 18:10:00,640 GiB
2026-09-10 18:10:30,656 GiB
2026-09-10 18:11:00,651 GiB
2026-09-10 18:11:30,659 GiB
2026-09-10 18:12:00,635 GiB
2026-09-10 18:12:30,619 GiB
2026-09-10 18:13:00,675 GiB
2026-09-10 18:13:30,666 GiB
2026-09-10 18:14:00,607 GiB
2026-09-10 18:14:30,667 GiB
2026-09-10 18:15:00,654 GiB
2026-09-10 18:15:30,633 GiB
2026-09-10 18:16:00,632 GiB
2026-09-10 18:16:30,627 GiB
2026-09-10 18:17:00,671 GiB
2026-09-10 18:17:30,656 GiB
2026-09-10 18:18:00,628 GiB
2026-09-10 18:18:30,671 GiB
2026-09-10 18:19:00,620 GiB
2026-09-10 18:19:30,673 GiB
2026-09-10 18:20:00,643 GiB
2026-09-10 18:20:30,610 GiB
2026-09-10 18:21:00,615 GiB
2026-09-10 18:21:30,633 GiB
2026-09-10 18:22:00,635 GiB
2026-09-10 18:22:30,637 GiB
2026-09-10 18:23:00,611 GiB
2026-09-10 18:23:30,673 GiB
2026-09-10 18:24:00,638 GiB
2026-09-10 18:24:30,628 GiB
2026-09-10 18:25:00,669 GiB
2026-09-10 18:25:30,646 GiB
2026-09-10 18:26:00,635 GiB
2026-09-10 18:26:30,641 GiB
2026-09-10 18:27:00,610 GiB
2026-09-10 18:27:30,659 GiB
2026-09-10 18:28:00,652 GiB
2026-09-10 18:28:30,639 GiB
2026-09-10 18:29:00,639 GiB
2026-09-10 18:29:30,611 GiB
2026-09-10 18:30:00,657 GiB
2026-09-10 18:30:30,640 GiB
2026-09-10 18:31:00,613 GiB
2026-09-10 18:31:30,672 GiB
2026-09-10 18:32:00,653 GiB
2026-09-10 18:32:30,662 GiB
2026-09-10 18:33:00,636 GiB
2026-09-10 18:33:30,648 GiB
2026-09-10 18:34:00,633 GiB
2026-09-10 18:34:30,639 GiB
2026-09-10 18:35:00,672 GiB
2026-09-10 18:35:30,628 GiB
2026-09-10 18:36:00,617 GiB
2026-09-10 18:36:30,662 GiB
2026-09-10 18:37:00,640 GiB
2026-09-10 18:37:30,614 GiB
2026-09-10 18:38:00,667 GiB
2026-09-10 18:38:30,644 GiB
2026-09-10 18:39:00,661 GiB
2026-09-10 18:39:30,627 GiB
2026-09-10 18:40:00,616 GiB
2026-09-10 18:40:30,621 GiB
2026-09-10 18:41:00,638 GiB
2026-09-10 18:41:30,649 GiB
2026-09-10 18:42:00,663 GiB
2026-09-10 18:42:30,658 GiB
2026-09-10 18:43:00,647 GiB
2026-09-10 18:43:30,632 GiB
2026-09-10 18:44:00,641 GiB
2026-09-10 18:44:30,675 GiB
2026-09-10 18:45:00,674 GiB
2026-09-10 18:45:30,671 GiB
2026-09-10 18:46:00,658 GiB
2026-09-10 18:46:30,674 GiB
2026-09-10 18:47:00,651 GiB
2026-09-10 18:47:30,652 GiB
2026-09-10 18:48:00,661 GiB
2026-09-10 18:48:30,666 GiB
2026-09-10 18:49:00,681 GiB
2026-09-10 18:49:30,681 GiB
2026-09-10 18:50:00,634 GiB
2026-09-10 18:50:30,664 GiB
2026-09-10 18:51:00,638 GiB
2026-09-10 18:51:30,630 GiB
2026-09-10 18:52:00,673 GiB
2026-09-10 18:52:30,651 GiB
2026-09-10 18:53:00,666 GiB
2026-09-10 18:53:30,652 GiB
2026-09-10 18:54:00,640 GiB
2026-09-10 18:54:30,661 GiB
2026-09-10 18:55:00,645 GiB
2026-09-10 18:55:30,634 GiB
2026-09-10 18:56:00,630 GiB
2026-09-10 18:56:30,629 GiB
2026-09-10 18:57:00,628 GiB
2026-09-10 18:57:30,646 GiB
2026-09-10 18:58:00,672 GiB
2026-09-10 18:58:30,630 GiB
2026-09-10 18:59:00,654 GiB
2026-09-10 18:59:30,656 GiB
2026-09-10 19:00:00,628 GiB
2026-09-10 19:00:30,635 GiB
2026-09-10 19:01:00,609 GiB
2026-09-10 19:01:30,637 GiB
2026-09-10 19:02:00,658 GiB
2026-09-10 19:02:30,670 GiB
2026-09-10 19:03:00,633 GiB
2026-09-10 19:03:30,663 GiB
2026-09-10 19:04:00,663 GiB
2026-09-10 19:04:30,672 GiB
2026-09-10 19:05:00,637 GiB
2026-09-10 19:05:30,643 GiB
2026-09-10 19:06:00,620 GiB
2026-09-10 19:06:30,664 GiB
2026-09-10 19:07:00,626 GiB
2026-09-10 19:07:30,664 GiB
2026-09-10 19:08:00,643 GiB
2026-09-10 19:08:30,632 GiB
2026-09-10 19:09:00,619 GiB
2026-09-10 19:09:30,649 GiB
2026-09-10 19:10:00,627 GiB
2026-09-10 19:10:30,664 GiB
2026-09-10 19:11:00,668 GiB
2026-09-10 19:11:30,622 GiB
2026-09-10 19:12:00,639 GiB
2026-09-10 19:12:30,677 GiB
2026-09-10 19:13:00,631 GiB
2026-09-10 19:13:30,665 GiB
2026-09-10 19:14:00,623 GiB
2026-09-10 19:14:30,679 GiB
2026-09-10 19:15:00,658 GiB
2026-09-10 19:15:30,651 GiB
2026-09-10 19:16:00,644 GiB
2026-09-10 19:16:30,629 GiB
2026-09-10 19:17:00,665 GiB
2026-09-10 19:17:30,613 GiB
2026-09-10 19:18:00,615 GiB
2026-09-10 19:18:30,628 GiB
2026-09-10 19:19:00,631 GiB
2026-09-10 19:19:30,665 GiB
2026-09-10 19:20:00,603 GiB
2026-09-10 19:20:30,628 GiB
2026-09-10 19:21:00,621 GiB
2026-09-10 19:21:30,664 GiB
2026-09-10 19:22:00,653 GiB
2026-09-10 19:22:30,668 GiB
2026-09-10 19:23:00,671 GiB
2026-09-10 19:23:30,615 GiB
2026-09-10 19:24:00,657 GiB
2026-09-10 19:24:30,666 GiB
2026-09-10 19:25:00,653 GiB
2026-09-10 19:25:30,641 GiB
2026-09-10 19:26:00,634 GiB
2026-09-10 19:26:30,624 GiB
2026-09-10 19:27:00,617 GiB
2026-09-10 19:27:30,670 GiB
2026-09-10 19:28:00,628 GiB
2026-09-10 19:28:30,615 GiB
2026-09-10 19:29:00,655 GiB
2026-09-10 19:29:30,675 GiB
2026-09-10 19:30:00,675 GiB
2026-09-10 19:30:30,622 GiB
2026-09-10 19:31:00,632 GiB
2026-09-10 19:31:30,666 GiB
2026-09-10 19:32:00,675 GiB
2026-09-10 19:32:30,629 GiB
2026-09-10 19:33:00,656 GiB
2026-09-10 19:33:30,666 GiB
2026-09-10 19:34:00,674 GiB
2026-09-10 19:34:30,617 GiB
2026-09-10 19:35:00,614 GiB
2026-09-10 19:35:30,619 GiB
2026-09-10 19:36:00,670 GiB
2026-09-10 19:36:30,658 GiB
2026-09-10 19:37:00,645 GiB
2026-09-10 19:37:30,623 GiB
2026-09-10 19:38:00,660 GiB
2026-09-10 19:38:30,647 GiB
2026-09-10 19:39:00,665 GiB
2026-09-10 19:39:30,654 GiB
2026-09-10 19:40:00,605 GiB
2026-09-10 19:40:30,667 GiB
2026-09-10 19:41:00,645 GiB
2026-09-10 19:41:30,618 GiB
2026-09-10 19:42:00,630 GiB
2026-09-10 19:42:30,670 GiB
2026-09-10 19:43:00,628 GiB
2026-09-10 19:43:30,664 GiB
2026-09-10 19:44:00,641 GiB
2026-09-10 19:44:30,628 GiB
2026-09-10 19:45:00,662 GiB
2026-09-10 19:45:30,675 GiB
2026-09-10 19:46:00,620 GiB
2026-09-10 19:46:30,654 GiB
2026-09-10 19:47:00,638 GiB
2026-09-10 19:47:30,629 GiB
2026-09-10 19:48:00,636 GiB
2026-09-10 19:48:30,599 GiB
2026-09-10 19:49:00,611 GiB
2026-09-10 19:49:30,621 GiB
2026-09-10 19:50:00,627 GiB
2026-09-10 19:50:30,635 GiB
2026-09-10 19:51:00,629 GiB
2026-09-10 19:51:30,629 GiB
2026-09-10 19:52:00,614 GiB
2026-09-10 19:52:30,616 GiB
2026-09-10 19:53:00,622 GiB
2026-09-10 19:53:30,639 GiB
2026-09-10 19:54:00,649 GiB
2026-09-10 19:54:30,654 GiB
2026-09-10 19:55:00,630 GiB
2026-09-10 19:55:30,667 GiB
2026-09-10 19:56:00,656 GiB
2026-09-10 19:56:30,640 GiB
2026-09-10 19:57:00,649 GiB
2026-09-10 19:57:30,637 GiB
2026-09-10 19:58:00,628 GiB
2026-09-10 19:58:30,632 GiB
2026-09-10 19:59:00,617 GiB
2026-09-10 19:59:30,622 GiB
2026-09-10 20:00:00,660 GiB
2026-09-10 20:00:30,619 GiB
2026-09-10 20:01:00,617 GiB
2026-09-10 20:01:30,668 GiB
2026-09-10 20:02:00,652 GiB
2026-09-10 20:02:30,622 GiB
2026-09-10 20:03:00,673 GiB
2026-09-10 20:03:30,630 GiB
2026-09-10 20:04:00,624 GiB
2026-09-10 20:04:30,625 GiB
2026-09-10 20:05:00,664 GiB
2026-09-10 20:05:30,655 GiB
2026-09-10 20:06:00,632 GiB
2026-09-10 20:06:30,674 GiB
2026-09-10 20:07:00,678 GiB
2026-09-10 20:07:30,659 GiB
2026-09-10 20:08:00,607 GiB
2026-09-10 20:08:30,669 GiB
2026-09-10 20:09:00,656 GiB
2026-09-10 20:09:30,656 GiB
2026-09-10 20:10:00,672 GiB
2026-09-10 20:10:30,673 GiB
2026-09-10 20:11:00,647 GiB
2026-09-10 20:11:30,634 GiB
2026-09-10 20:12:00,671 GiB
2026-09-10 20:12:30,665 GiB
2026-09-10 20:13:00,664 GiB
2026-09-10 20:13:30,656 GiB
2026-09-10 20:14:00,630 GiB
2026-09-10 20:14:30,657 GiB
2026-09-10 20:15:00,647 GiB
2026-09-10 20:15:30,657 GiB
2026-09-10 20:16:00,647 GiB
2026-09-10 20:16:30,641 GiB
2026-09-10 20:17:00,635 GiB
2026-09-10 20:17:30,625 GiB
2026-09-10 20:18:00,615 GiB
2026-09-10 20:18:30,666 GiB
2026-09-10 20:19:00,674 GiB
2026-09-10 20:19:30,607 GiB
2026-09-10 20:20:00,655 GiB
2026-09-10 20:20:30,662 GiB
2026-09-10 20:21:00,652 GiB
2026-09-10 20:21:30,642 GiB
2026-09-10 20:22:00,638 GiB
2026-09-10 20:22:30,661 GiB
2026-09-10 20:23:00,642 GiB
2026-09-10 20:23:30,653 GiB
2026-09-10 20:24:00,629 GiB
2026-09-10 20:24:30,626 GiB
2026-09-10 20:25:00,617 GiB
2026-09-10 20:25:30,664 GiB
2026-09-10 20:26:00,657 GiB
2026-09-10 20:26:30,614 GiB
2026-09-10 20:27:00,638 GiB
2026-09-10 20:27:30,633 GiB
2026-09-10 20:28:00,632 GiB
2026-09-10 20:28:30,600 GiB
2026-09-10 20:29:00,617 GiB
2026-09-10 20:29:30,679 GiB
2026-09-10 20:30:00,620 GiB
2026-09-10 20:30:30,660 GiB
2026-09-10 20:31:00,648 GiB
2026-09-10 20:31:30,634 GiB
2026-09-10 20:32:00,663 GiB
2026-09-10 20:32:30,670 GiB
2026-09-10 20:33:00,627 GiB
2026-09-10 20:33:30,649 GiB
2026-09-10 20:34:00,637 GiB
2026-09-10 20:34:30,654 GiB
2026-09-10 20:35:00,654 GiB
2026-09-10 20:35:30,646 GiB
2026-09-10 20:36:00,647 GiB
2026-09-10 20:36:30,624 GiB
2026-09-10 20:37:00,675 GiB
2026-09-10 20:37:30,654 GiB
2026-09-10 20:38:00,651 GiB
2026-09-10 20:38:30,648 GiB
2026-09-10 20:39:00,635 GiB
2026-09-10 20:39:30,652 GiB
2026-09-10 20:40:00,640 GiB
2026-09-10 20:40:30,618 GiB
2026-09-10 20:41:00,620 GiB
2026-09-10 20:41:30,665 GiB
2026-09-10 20:42:00,646 GiB
2026-09-10 20:42:30,673 GiB
2026-09-10 20:43:00,634 GiB
2026-09-10 20:43:30,655 GiB
2026-09-10 20:44:00,668 GiB
2026-09-10 20:44:30,655 GiB
2026-09-10 20:45:00,612 GiB
2026-09-10 20:45:30,631 GiB
2026-09-10 20:46:00,638 GiB
2026-09-10 20:46:30,620 GiB
2026-09-10 20:47:00,639 GiB
2026-09-10 20:47:30,644 GiB
2026-09-10 20:48:00,657 GiB
2026-09-10 20:48:30,667 GiB
2026-09-10 20:49:00,653 GiB
2026-09-10 20:49:30,638 GiB
2026-09-10 20:50:00,619 GiB
2026-09-10 20:50:30,674 GiB
2026-09-10 20:51:00,619 GiB
2026-09-10 20:51:30,664 GiB
2026-09-10 20:52:00,656 GiB
2026-09-10 20:52:30,663 GiB
2026-09-10 20:53:00,621 GiB
2026-09-10 20:53:30,657 GiB
2026-09-10 20:54:00,661 GiB
2026-09-10 20:54:30,674 GiB
2026-09-10 20:55:00,623 GiB
2026-09-10 20:55:30,619 GiB
2026-09-10 20:56:00,619 GiB
2026-09-10 20:56:30,637 GiB
2026-09-10 20:57:00,612 GiB
2026-09-10 20:57:30,626 GiB
2026-09-10 20:58:00,620 GiB
2026-09-10 20:58:30,674 GiB
2026-09-10 20:59:00,661 GiB
2026-09-10 20:59:30,635 GiB
2026-09-10 21:00:00,644 GiB
2026-09-10 21:00:30,643 GiB
2026-09-10 21:01:00,630 GiB
2026-09-10 21:01:30,628 GiB
2026-09-10 21:02:00,677 GiB
2026-09-10 21:02:30,659 GiB
2026-09-10 21:03:00,652 GiB
2026-09-10 21:03:30,674 GiB
2026-09-10 21:04:00,670 GiB
2026-09-10 21:04:30,642 GiB
2026-09-10 21:05:00,666 GiB
2026-09-10 21:05:30,658 GiB
2026-09-10 21:06:00,665 GiB
2026-09-10 21:06:30,649 GiB
2026-09-10 21:07:00,665 GiB
2026-09-10 21:07:30,662 GiB
2026-09-10 21:08:00,636 GiB
2026-09-10 21:08:30,667 GiB
2026-09-10 21:09:00,619 GiB
2026-09-10 21:09:30,658 GiB
2026-09-10 21:10:00,629 GiB
2026-09-10 21:10:30,679 GiB
2026-09-10 21:11:00,660 GiB
2026-09-10 21:11:30,653 GiB
2026-09-10 21:12:00,637 GiB
2026-09-10 21:12:30,666 GiB
2026-09-10 21:13:00,632 GiB
2026-09-10 21:13:30,667 GiB
2026-09-10 21:14:00,625 GiB
2026-09-10 21:14:30,651 GiB
2026-09-10 21:15:00,620 GiB
2026-09-10 21:15:30,644 GiB
2026-09-10 21:16:00,633 GiB
2026-09-10 21:16:30,626 GiB
2026-09-10 21:17:00,662 GiB
2026-09-10 21:17:30,669 GiB
2026-09-10 21:18:00,633 GiB
2026-09-10 21:18:30,650 GiB
2026-09-10 21:19:00,635 GiB
2026-09-10 21:19:30,616 GiB
2026-09-10 21:20:00,631 GiB
2026-09-10 21:20:30,661 GiB
2026-09-10 21:21:00,635 GiB
2026-09-10 21:21:30,612 GiB
2026-09-10 21:22:00,671 GiB
2026-09-10 21:22:30,662 GiB
2026-09-10 21:23:00,633 GiB
2026-09-10 21:23:30,634 GiB
2026-09-10 21:24:00,649 GiB
2026-09-10 21:24:30,676 GiB
2026-09-10 21:25:00,679 GiB
2026-09-10 21:25:30,616 GiB
2026-09-10 21:26:00,680 GiB
2026-09-10 21:26:30,666 GiB
2026-09-10 21:27:00,670 GiB
2026-09-10 21:27:30,661 GiB
2026-09-10 21:28:00,625 GiB
2026-09-10 21:28:30,620 GiB
2026-09-10 21:29:00,638 GiB
2026-09-10 21:29:30,630 GiB
2026-09-10 21:30:00,662 GiB
2026-09-10 21:30:30,651 GiB
2026-09-10 21:31:00,649 GiB
2026-09-10 21:31:30,631 GiB
2026-09-10 21:32:00,639 GiB
2026-09-10 21:32:30,631 GiB
2026-09-10 21:33:00,665 GiB
2026-09-10 21:33:30,640 GiB
2026-09-10 21:34:00,629 GiB
2026-09-10 21:34:30,623 GiB
2026-09-10 21:35:00,622 GiB
2026-09-10 21:35:30,668 GiB
2026-09-10 21:36:00,636 GiB
2026-09-10 21:36:30,660 GiB
2026-09-10 21:37:00,628 GiB
2026-09-10 21:37:30,621 GiB
2026-09-10 21:38:00,632 GiB
2026-09-10 21:38:30,657 GiB
2026-09-10 21:39:00,624 GiB
2026-09-10 21:39:30,618 GiB
2026-09-10 21:40:00,670 GiB
2026-09-10 21:40:30,622 GiB
2026-09-10 21:41:00,658 GiB
2026-09-10 21:41:30,674 GiB
2026-09-10 21:42:00,663 GiB
2026-09-10 21:42:30,662 GiB
2026-09-10 21:43:00,647 GiB
2026-09-10 21:43:30,667 GiB
2026-09-10 21:44:00,626 GiB
2026-09-10 21:44:30,635 GiB
2026-09-10 21:45:00,658 GiB
2026-09-10 21:45:30,679 GiB
2026-09-10 21:46:00,623 GiB
2026-09-10 21:46:30,677 GiB
2026-09-10 21:47:00,665 GiB
2026-09-10 21:47:30,613 GiB
2026-09-10 21:48:00,641 GiB
2026-09-10 21:48:30,619 GiB
2026-09-10 21:49:00,664 GiB
2026-09-10 21:49:30,672 GiB
2026-09-10 21:50:00,669 GiB
2026-09-10 21:50:30,628 GiB
2026-09-10 21:51:00,643 GiB
2026-09-10 21:51:30,654 GiB
2026-09-10 21:52:00,671 GiB
2026-09-10 21:52:30,677 GiB
2026-09-10 21:53:00,649 GiB
2026-09-10 21:53:30,652 GiB
2026-09-10 21:54:00,644 GiB
2026-09-10 21:54:30,647 GiB
2026-09-10 21:55:00,673 GiB
2026-09-10 21:55:30,650 GiB
2026-09-10 21:56:00,666 GiB
2026-09-10 21:56:30,624 GiB
2026-09-10 21:57:00,672 GiB
2026-09-10 21:57:30,659 GiB
2026-09-10 21:58:00,638 GiB
2026-09-10 21:58:30,662 GiB
2026-09-10 21:59:00,658 GiB
2026-09-10 21:59:30,662 GiB
2026-09-10 22:00:00,671 GiB
2026-09-10 22:00:30,659 GiB
2026-09-10 22:01:00,651 GiB
2026-09-10 22:01:30,637 GiB
2026-09-10 22:02:00,628 GiB
2026-09-10 22:02:30,629 GiB
2026-09-10 22:03:00,627 GiB
2026-09-10 22:03:30,637 GiB
2026-09-10 22:04:00,638 GiB
2026-09-10 22:04:30,625 GiB
2026-09-10 22:05:00,626 GiB
2026-09-10 22:05:30,611 GiB
2026-09-10 22:06:00,663 GiB
2026-09-10 22:06:30,667 GiB
2026-09-10 22:07:00,645 GiB
2026-09-10 22:07:30,620 GiB
2026-09-10 22:08:00,639 GiB
2026-09-10 22:08:30,640 GiB
2026-09-10 22:09:00,627 GiB
2026-09-10 22:09:30,647 GiB
2026-09-10 22:10:00,661 GiB
2026-09-10 22:10:30,667 GiB
2026-09-10 22:11:00,642 GiB
2026-09-10 22:11:30,660 GiB
2026-09-10 22:12:00,640 GiB
2026-09-10 22:12:30,656 GiB
2026-09-10 22:13:00,630 GiB
2026-09-10 22:13:30,667 GiB
2026-09-10 22:14:00,671 GiB
2026-09-10 22:14:30,633 GiB
2026-09-10 22:15:00,635 GiB
2026-09-10 22:15:30,622 GiB
2026-09-10 22:16:00,627 GiB
2026-09-10 22:16:30,670 GiB
2026-09-10 22:17:00,674 GiB
2026-09-10 22:17:30,616 GiB
2026-09-10 22:18:00,676 GiB
2026-09-10 22:18:30,623 GiB
2026-09-10 22:19:00,675 GiB
2026-09-10 22:19:30,651 GiB
2026-09-10 22:20:00,641 GiB
2026-09-10 22:20:30,654 GiB
2026-09-10 22:21:00,670 GiB
2026-09-10 22:21:30,645 GiB
2026-09-10 22:22:00,628 GiB
2026-09-10 22:22:30,654 GiB
2026-09-10 22:23:00,615 GiB
2026-09-10 22:23:30,632 GiB
2026-09-10 22:24:00,654 GiB
2026-09-10 22:24:30,655 GiB
2026-09-10 22:25:00,627 GiB
2026-09-10 22:25:30,636 GiB
2026-09-10 22:26:00,647 GiB
2026-09-10 22:26:30,634 GiB
2026-09-10 22:27:00,634 GiB
2026-09-10 22:27:30,638 GiB
2026-09-10 22:28:00,635 GiB
2026-09-10 22:28:30,676 GiB
2026-09-10 22:29:00,629 GiB
2026-09-10 22:29:30,673 GiB
2026-09-10 22:30:00,631 GiB
2026-09-10 22:30:30,636 GiB
2026-09-10 22:31:00,625 GiB
2026-09-10 22:31:30,654 GiB
2026-09-10 22:32:00,657 GiB
2026-09-10 22:32:30,662 GiB
2026-09-10 22:33:00,641 GiB
2026-09-10 22:33:30,637 GiB
2026-09-10 22:34:00,674 GiB
2026-09-10 22:34:30,668 GiB
2026-09-10 22:35:00,622 GiB
2026-09-10 22:35:30,625 GiB
2026-09-10 22:36:00,625 GiB
2026-09-10 22:36:30,632 GiB
2026-09-10 22:37:00,623 GiB
2026-09-10 22:37:30,659 GiB
2026-09-10 22:38:00,661 GiB
2026-09-10 22:38:30,651 GiB
2026-09-10 22:39:00,647 GiB
2026-09-10 22:39:30,632 GiB
2026-09-10 22:40:00,657 GiB
2026-09-10 22:40:30,661 GiB
2026-09-10 22:41:00,661 GiB
2026-09-10 22:41:30,649 GiB
2026-09-10 22:42:00,658 GiB
2026-09-10 22:42:30,662 GiB
2026-09-10 22:43:00,663 GiB
2026-09-10 22:43:30,665 GiB
2026-09-10 22:44:00,619 GiB
2026-09-10 22:44:30,660 GiB
2026-09-10 22:45:00,676 GiB
2026-09-10 22:45:30,652 GiB
2026-09-10 22:46:00,657 GiB
2026-09-10 22:46:30,627 GiB
2026-09-10 22:47:00,676 GiB
2026-09-10 22:47:30,653 GiB
2026-09-10 22:48:00,676 GiB
2026-09-10 22:48:30,624 GiB
2026-09-10 22:49:00,630 GiB
2026-09-10 22:49:30,664 GiB
2026-09-10 22:50:00,673 GiB
2026-09-10 22:50:30,666 GiB
2026-09-10 22:51:00,649 GiB
2026-09-10 22:51:30,667 GiB
2026-09-10 22:52:00,645 GiB
2026-09-10 22:52:30,627 GiB
2026-09-10 22:53:00,635 GiB
2026-09-10 22:53:30,681 GiB
2026-09-10 22:54:00,676 GiB
2026-09-10 22:54:30,625 GiB
2026-09-10 22:55:00,673 GiB
2026-09-10 22:55:30,664 GiB
2026-09-10 22:56:00,619 GiB
2026-09-10 22:56:30,672 GiB
2026-09-10 22:57:00,665 GiB
2026-09-10 22:57:30,640 GiB
2026-09-10 22:58:00,636 GiB
2026-09-10 22:58:30,628 GiB
2026-09-10 22:59:00,676 GiB
2026-09-10 22:59:30,643 GiB
2026-09-10 23:00:00,661 GiB
2026-09-10 23:00:30,657 GiB
2026-09-10 23:01:00,627 GiB
2026-09-10 23:01:30,621 GiB
2026-09-10 23:02:00,618 GiB
2026-09-10 23:02:30,639 GiB
2026-09-10 23:03:00,629 GiB
2026-09-10 23:03:30,658 GiB
2026-09-10 23:04:00,676 GiB
2026-09-10 23:04:30,671 GiB
2026-09-10 23:05:00,676 GiB
2026-09-10 23:05:30,648 GiB
2026-09-10 23:06:00,677 GiB
2026-09-10 23:06:30,637 GiB
2026-09-10 23:07:00,625 GiB
2026-09-10 23:07:30,612 GiB
2026-09-10 23:08:00,678 GiB
2026-09-10 23:08:30,672 GiB
2026-09-10 23:09:00,657 GiB
2026-09-10 23:09:30,676 GiB
2026-09-10 23:10:00,606 GiB
2026-09-10 23:10:30,618 GiB
2026-09-10 23:11:00,673 GiB
2026-09-10 23:11:30,647 GiB
2026-09-10 23:12:00,655 GiB
2026-09-10 23:12:30,638 GiB
2026-09-10 23:13:00,623 GiB
2026-09-10 23:13:30,619 GiB
2026-09-10 23:14:00,654 GiB
2026-09-10 23:14:30,633 GiB
2026-09-10 23:15:00,642 GiB
2026-09-10 23:15:30,642 GiB
2026-09-10 23:16:00,625 GiB
2026-09-10 23:16:30,673 GiB
2026-09-10 23:17:00,618 GiB
2026-09-10 23:17:30,652 GiB
2026-09-10 23:18:00,668 GiB
2026-09-10 23:18:30,650 GiB
2026-09-10 23:19:00,621 GiB
2026-09-10 23:19:30,642 GiB
2026-09-10 23:20:00,666 GiB
2026-09-10 23:20:30,659 GiB
2026-09-10 23:21:00,670 GiB
2026-09-10 23:21:30,665 GiB
2026-09-10 23:22:00,655 GiB
2026-09-10 23:22:30,637 GiB
2026-09-10 23:23:00,631 GiB
2026-09-10 23:23:30,668 GiB
2026-09-10 23:24:00,641 GiB
2026-09-10 23:24:30,674 GiB
2026-09-10 23:25:00,654 GiB
2026-09-10 23:25:30,632 GiB
2026-09-10 23:26:00,675 GiB
2026-09-10 23:26:30,642 GiB
2026-09-10 23:27:00,625 GiB
2026-09-10 23:27:30,646 GiB
2026-09-10 23:28:00,653 GiB
2026-09-10 23:28:30,670 GiB
2026-09-10 23:29:00,653 GiB
2026-09-10 23:29:30,623 GiB
2026-09-10 23:30:00,660 GiB
2026-09-10 23:30:30,634 GiB
2026-09-10 23:31:00,615 GiB
2026-09-10 23:31:30,629 GiB
2026-09-10 23:32:00,674 GiB
2026-09-10 23:32:30,641 GiB
2026-09-10 23:33:00,660 GiB
2026-09-10 23:33:30,676 GiB
2026-09-10 23:34:00,643 GiB
2026-09-10 23:34:30,665 GiB
2026-09-10 23:35:00,637 GiB
2026-09-10 23:35:30,638 GiB
2026-09-10 23:36:00,628 GiB
2026-09-10 23:36:30,669 GiB
2026-09-10 23:37:00,678 GiB
2026-09-10 23:37:30,667 GiB
2026-09-10 23:38:00,632 GiB
2026-09-10 23:38:30,647 GiB
2026-09-10 23:39:00,675 GiB
2026-09-10 23:39:30,677 GiB
2026-09-10 23:40:00,643 GiB
2026-09-10 23:40:30,631 GiB
2026-09-10 23:41:00,673 GiB
2026-09-10 23:41:30,656 GiB
2026-09-10 23:42:00,636 GiB
2026-09-10 23:42:30,619 GiB
2026-09-10 23:43:00,662 GiB
2026-09-10 23:43:30,645 GiB
2026-09-10 23:44:00,621 GiB
2026-09-10 23:44:30,634 GiB
2026-09-10 23:45:00,671 GiB
2026-09-10 23:45:30,667 GiB
2026-09-10 23:46:00,674 GiB
2026-09-10 23:46:30,654 GiB
2026-09-10 23:47:00,627 GiB
2026-09-10 23:47:30,620 GiB
2026-09-10 23:48:00,635 GiB
2026-09-10 23:48:30,608 GiB
2026-09-10 23:49:00,615 GiB
2026-09-10 23:49:30,668 GiB
2026-09-10 23:50:00,653 GiB
2026-09-10 23:50:30,669 GiB
2026-09-10 23:51:00,620 GiB
2026-09-10 23:51:30,648 GiB
2026-09-10 23:52:00,645 GiB
2026-09-10 23:52:30,626 GiB
2026-09-10 23:53:00,650 GiB
2026-09-10 23:53:30,631 GiB
2026-09-10 23:54:00,664 GiB
2026-09-10 23:54:30,660 GiB
2026-09-10 23:55:00,653 GiB
2026-09-10 23:55:30,665 GiB
2026-09-10 23:56:00,660 GiB
2026-09-10 23:56:30,649 GiB
2026-09-10 23:57:00,671 GiB
2026-09-10 23:57:30,609 GiB
2026-09-10 23:58:00,621 GiB
2026-09-10 23:58:30,623 GiB
2026-09-10 23:59:00,623 GiB
2026-09-10 23:59:30,629 GiB
2026-09-11 00:00:00,627 GiB
2026-09-11 00:00:30,637 GiB
2026-09-11 00:01:00,644 GiB
2026-09-11 00:01:30,618 GiB
2026-09-11 00:02:00,644 GiB
2026-09-11 00:02:30,630 GiB
2026-09-11 00:03:00,647 GiB
2026-09-11 00:03:30,657 GiB
2026-09-11 00:04:00,642 GiB
2026-09-11 00:04:30,645 GiB
2026-09-11 00:05:00,660 GiB
2026-09-11 00:05:30,641 GiB
2026-09-11 00:06:00,657 GiB
2026-09-11 00:06:30,646 GiB
2026-09-11 00:07:00,651 GiB
2026-09-11 00:07:30,657 GiB
2026-09-11 00:08:00,663 GiB
2026-09-11 00:08:30,632 GiB
2026-09-11 00:09:00,641 GiB
2026-09-11 00:09:30,681 GiB
2026-09-11 00:10:00,614 GiB
2026-09-11 00:10:30,668 GiB
2026-09-11 00:11:00,671 GiB
2026-09-11 00:11:30,664 GiB
2026-09-11 00:12:00,656 GiB
2026-09-11 00:12:30,640 GiB
2026-09-11 00:13:00,618 GiB
2026-09-11 00:13:30,620 GiB
2026-09-11 00:14:00,656 GiB
2026-09-11 00:14:30,653 GiB
2026-09-11 00:15:00,635 GiB
2026-09-11 00:15:30,668 GiB
2026-09-11 00:16:00,638 GiB
2026-09-11 00:16:30,662 GiB
2026-09-11 00:17:00,642 GiB
2026-09-11 00:17:30,623 GiB
2026-09-11 00:18:00,661 GiB
2026-09-11 00:18:30,673 GiB
2026-09-11 00:19:00,629 GiB
2026-09-11 00:19:30,659 GiB
2026-09-11 00:20:00,656 GiB
2026-09-11 00:20:30,647 GiB
2026-09-11 00:21:00,634 GiB
2026-09-11 00:21:30,642 GiB
2026-09-11 00:22:00,630 GiB
2026-09-11 00:22:30,626 GiB
2026-09-11 00:23:00,646 GiB
2026-09-11 00:23:30,662 GiB
2026-09-11 00:24:00,660 GiB
2026-09-11 00:24:30,660 GiB
2026-09-11 00:25:00,663 GiB
2026-09-11 00:25:30,648 GiB
2026-09-11 00:26:00,615 GiB
2026-09-11 00:26:30,664 GiB
2026-09-11 00:27:00,647 GiB
2026-09-11 00:27:30,633 GiB
2026-09-11 00:28:00,640 GiB
2026-09-11 00:28:30,630 GiB
2026-09-11 00:29:00,625 GiB
2026-09-11 00:29:30,672 GiB
2026-09-11 00:30:00,654 GiB
2026-09-11 00:30:30,669 GiB
2026-09-11 00:31:00,644 GiB
2026-09-11 00:31:30,663 GiB
2026-09-11 00:32:00,643 GiB
2026-09-11 00:32:30,627 GiB
2026-09-11 00:33:00,648 GiB
2026-09-11 00:33:30,675 GiB
2026-09-11 00:34:00,623 GiB
2026-09-11 00:34:30,659 GiB
2026-09-11 00:35:00,657 GiB
2026-09-11 00:35:30,639 GiB
2026-09-11 00:36:00,659 GiB
2026-09-11 00:36:30,627 GiB
2026-09-11 00:37:00,648 GiB
2026-09-11 00:37:30,660 GiB
2026-09-11 00:38:00,665 GiB
2026-09-11 00:38:30,652 GiB
2026-09-11 00:39:00,674 GiB
2026-09-11 00:39:30,671 GiB
2026-09-11 00:40:00,626 GiB
2026-09-11 00:40:30,620 GiB
2026-09-11 00:41:00,634 GiB
2026-09-11 00:41:30,648 GiB
2026-09-11 00:42:00,645 GiB
2026-09-11 00:42:30,657 GiB
2026-09-11 00:43:00,664 GiB
2026-09-11 00:43:30,672 GiB
2026-09-11 00:44:00,631 GiB
2026-09-11 00:44:30,671 GiB
2026-09-11 00:45:00,669 GiB
2026-09-11 00:45:30,664 GiB
2026-09-11 00:46:00,653 GiB
2026-09-11 00:46:30,632 GiB
2026-09-11 00:47:00,670 GiB
2026-09-11 00:47:30,618 GiB
2026-09-11 00:48:00,660 GiB
2026-09-11 00:48:30,654 GiB
2026-09-11 00:49:00,610 GiB
2026-09-11 00:49:30,646 GiB
2026-09-11 00:50:00,666 GiB
2026-09-11 00:50:30,621 GiB
2026-09-11 00:51:00,634 GiB
2026-09-11 00:51:30,649 GiB
2026-09-11 00:52:00,622 GiB
2026-09-11 00:52:30,651 GiB
2026-09-11 00:53:00,647 GiB
2026-09-11 00:53:30,667 GiB
2026-09-11 00:54:00,636 GiB
2026-09-11 00:54:30,619 GiB
2026-09-11 00:55:00,674 GiB
2026-09-11 00:55:30,648 GiB
2026-09-11 00:56:00,657 GiB
2026-09-11 00:56:30,634 GiB
2026-09-11 00:57:00,628 GiB
2026-09-11 00:57:30,664 GiB
2026-09-11 00:58:00,650 GiB
2026-09-11 00:58:30,646 GiB
2026-09-11 00:59:00,653 GiB
2026-09-11 00:59:30,651 GiB
2026-09-11 01:00:00,638 GiB
2026-09-11 01:00:30,681 GiB
2026-09-11 01:01:00,664 GiB
2026-09-11 01:01:30,662 GiB
2026-09-11 01:02:00,662 GiB
2026-09-11 01:02:30,648 GiB
2026-09-11 01:03:00,637 GiB
2026-09-11 01:03:30,663 GiB
2026-09-11 01:04:00,635 GiB
2026-09-11 01:04:30,649 GiB
2026-09-11 01:05:00,633 GiB
2026-09-11 01:05:30,642 GiB
2026-09-11 01:06:00,666 GiB
2026-09-11 01:06:30,613 GiB
2026-09-11 01:07:00,638 GiB
2026-09-11 01:07:30,629 GiB
2026-09-11 01:08:00,645 GiB
2026-09-11 01:08:30,630 GiB
2026-09-11 01:09:00,660 GiB
2026-09-11 01:09:30,635 GiB
2026-09-11 01:10:00,643 GiB
2026-09-11 01:10:30,664 GiB
2026-09-11 01:11:00,662 GiB
2026-09-11 01:11:30,667 GiB
2026-09-11 01:12:00,636 GiB
2026-09-11 01:12:30,619 GiB
2026-09-11 01:13:00,634 GiB
2026-09-11 01:13:30,646 GiB
2026-09-11 01:14:00,625 GiB
2026-09-11 01:14:30,621 GiB
2026-09-11 01:15:00,643 GiB
2026-09-11 01:15:30,627 GiB
2026-09-11 01:16:00,656 GiB
2026-09-11 01:16:30,643 GiB
2026-09-11 01:17:00,647 GiB
2026-09-11 01:17:30,660 GiB
2026-09-11 01:18:00,640 GiB
2026-09-11 01:18:30,672 GiB
2026-09-11 01:19:00,677 GiB
2026-09-11 01:19:30,627 GiB
2026-09-11 01:20:00,631 GiB
2026-09-11 01:20:30,665 GiB
2026-09-11 01:21:00,635 GiB
2026-09-11 01:21:30,656 GiB
2026-09-11 01:22:00,657 GiB
2026-09-11 01:22:30,614 GiB
2026-09-11 01:23:00,621 GiB
2026-09-11 01:23:30,627 GiB
2026-09-11 01:24:00,637 GiB
2026-09-11 01:24:30,642 GiB
2026-09-11 01:25:00,660 GiB
2026-09-11 01:25:30,647 GiB
2026-09-11 01:26:00,659 GiB
2026-09-11 01:26:30,627 GiB
2026-09-11 01:27:00,632 GiB
2026-09-11 01:27:30,624 GiB
2026-09-11 01:28:00,633 GiB
2026-09-11 01:28:30,619 GiB
2026-09-11 01:29:00,666 GiB
2026-09-11 01:29:30,633 GiB
2026-09-11 01:30:00,630 GiB
2026-09-11 01:30:30,644 GiB
2026-09-11 01:31:00,663 GiB
2026-09-11 01:31:30,674 GiB
2026-09-11 01:32:00,623 GiB
2026-09-11 01:32:30,618 GiB
2026-09-11 01:33:00,638 GiB
2026-09-11 01:33:30,619 GiB
2026-09-11 01:34:00,652 GiB
2026-09-11 01:34:30,664 GiB
2026-09-11 01:35:00,668 GiB
2026-09-11 01:35:30,672 GiB
2026-09-11 01:36:00,676 GiB
2026-09-11 01:36:30,674 GiB
2026-09-11 01:37:00,634 GiB
2026-09-11 01:37:30,629 GiB
2026-09-11 01:38:00,653 GiB
2026-09-11 01:38:30,633 GiB
2026-09-11 01:39:00,619 GiB
2026-09-11 01:39:30,626 GiB
2026-09-11 01:40:00,630 GiB
2026-09-11 01:40:30,666 GiB
2026-09-11 01:41:00,642 GiB
2026-09-11 01:41:30,678 GiB
2026-09-11 01:42:00,628 GiB
2026-09-11 01:42:30,671 GiB
2026-09-11 01:43:00,642 GiB
2026-09-11 01:43:30,620 GiB
2026-09-11 01:44:00,667 GiB
2026-09-11 01:44:30,623 GiB
2026-09-11 01:45:00,653 GiB
2026-09-11 01:45:30,625 GiB
2026-09-11 01:46:00,631 GiB
2026-09-11 01:46:30,664 GiB
2026-09-11 01:47:00,675 GiB
2026-09-11 01:47:30,620 GiB
2026-09-11 01:48:00,629 GiB
2026-09-11 01:48:30,627 GiB
2026-09-11 01:49:00,641 GiB
2026-09-11 01:49:30,615 GiB
2026-09-11 01:50:00,623 GiB
2026-09-11 01:50:30,650 GiB
2026-09-11 01:51:00,655 GiB
2026-09-11 01:51:30,654 GiB
2026-09-11 01:52:00,628 GiB
2026-09-11 01:52:30,631 GiB
2026-09-11 01:53:00,652 GiB
2026-09-11 01:53:30,659 GiB
2026-09-11 01:54:00,675 GiB
2026-09-11 01:54:30,629 GiB
2026-09-11 01:55:00,622 GiB
2026-09-11 01:55:30,640 GiB
2026-09-11 01:56:00,647 GiB
2026-09-11 01:56:30,610 GiB
2026-09-11 01:57:00,643 GiB
2026-09-11 01:57:30,622 GiB
2026-09-11 01:58:00,654 GiB
2026-09-11 01:58:30,667 GiB
2026-09-11 01:59:00,670 GiB
2026-09-11 01:59:30,654 GiB
2026-09-11 02:00:00,646 GiB
2026-09-11 02:00:30,636 GiB
2026-09-11 02:01:00,635 GiB
2026-09-11 02:01:30,674 GiB
2026-09-11 02:02:00,676 GiB
2026-09-11 02:02:30,644 GiB
2026-09-11 02:03:00,679 GiB
2026-09-11 02:03:30,674 GiB
2026-09-11 02:04:00,655 GiB
2026-09-11 02:04:30,664 GiB
2026-09-11 02:05:00,629 GiB
2026-09-11 02:05:30,640 GiB
2026-09-11 02:06:00,647 GiB
2026-09-11 02:06:30,658 GiB
2026-09-11 02:07:00,655 GiB
2026-09-11 02:07:30,642 GiB
2026-09-11 02:08:00,624 GiB
2026-09-11 02:08:30,655 GiB
2026-09-11 02:09:00,655 GiB
2026-09-11 02:09:30,646 GiB
2026-09-11 02:10:00,636 GiB
2026-09-11 02:10:30,625 GiB
2026-09-11 02:11:00,627 GiB
2026-09-11 02:11:30,650 GiB
2026-09-11 02:12:00,666 GiB
2026-09-11 02:12:30,653 GiB
2026-09-11 02:13:00,624 GiB
2026-09-11 02:13:30,651 GiB
2026-09-11 02:14:00,633 GiB
2026-09-11 02:14:30,637 GiB
2026-09-11 02:15:00,668 GiB
2026-09-11 02:15:30,670 GiB
2026-09-11 02:16:00,652 GiB
2026-09-11 02:16:30,636 GiB
2026-09-11 02:17:00,632 GiB
2026-09-11 02:17:30,639 GiB
2026-09-11 02:18:00,646 GiB
2026-09-11 02:18:30,666 GiB
2026-09-11 02:19:00,631 GiB
2026-09-11 02:19:30,654 GiB
2026-09-11 02:20:00,656 GiB
2026-09-11 02:20:30,634 GiB
2026-09-11 02:21:00,641 GiB
2026-09-11 02:21:30,625 GiB
2026-09-11 02:22:00,642 GiB
2026-09-11 02:22:30,671 GiB
2026-09-11 02:23:00,631 GiB
2026-09-11 02:23:30,638 GiB
2026-09-11 02:24:00,632 GiB
2026-09-11 02:24:30,667 GiB
2026-09-11 02:25:00,649 GiB
2026-09-11 02:25:30,674 GiB
2026-09-11 02:26:00,656 GiB
2026-09-11 02:26:30,608 GiB
2026-09-11 02:27:00,653 GiB
2026-09-11 02:27:30,628 GiB
2026-09-11 02:28:00,629 GiB
2026-09-11 02:28:30,639 GiB
2026-09-11 02:29:00,621 GiB
2026-09-11 02:29:30,621 GiB
2026-09-11 02:30:00,640 GiB
2026-09-11 02:30:30,682 GiB
2026-09-11 02:31:00,676 GiB
2026-09-11 02:31:30,655 GiB
2026-09-11 02:32:00,631 GiB
2026-09-11 02:32:30,671 GiB
2026-09-11 02:33:00,638 GiB
2026-09-11 02:33:30,666 GiB
2026-09-11 02:34:00,668 GiB
2026-09-11 02:34:30,655 GiB
2026-09-11 02:35:00,664 GiB
2026-09-11 02:35:30,662 GiB
2026-09-11 02:36:00,675 GiB
2026-09-11 02:36:30,628 GiB
2026-09-11 02:37:00,675 GiB
2026-09-11 02:37:30,635 GiB
2026-09-11 02:38:00,625 GiB
2026-09-11 02:38:30,627 GiB
2026-09-11 02:39:00,662 GiB
2026-09-11 02:39:30,680 GiB
2026-09-11 02:40:00,619 GiB
2026-09-11 02:40:30,676 GiB
2026-09-11 02:41:00,655 GiB
2026-09-11 02:41:30,635 GiB
2026-09-11 02:42:00,675 GiB
2026-09-11 02:42:30,670 GiB
2026-09-11 02:43:00,654 GiB
2026-09-11 02:43:30,644 GiB
2026-09-11 02:44:00,648 GiB
2026-09-11 02:44:30,671 GiB
2026-09-11 02:45:00,636 GiB
2026-09-11 02:45:30,675 GiB
2026-09-11 02:46:00,662 GiB
2026-09-11 02:46:30,605 GiB
2026-09-11 02:47:00,633 GiB
2026-09-11 02:47:30,615 GiB
2026-09-11 02:48:00,623 GiB
2026-09-11 02:48:30,669 GiB
2026-09-11 02:49:00,658 GiB
2026-09-11 02:49:30,622 GiB
2026-09-11 02:50:00,675 GiB
2026-09-11 02:50:30,646 GiB
2026-09-11 02:51:00,665 GiB
2026-09-11 02:51:30,628 GiB
2026-09-11 02:52:00,638 GiB
2026-09-11 02:52:30,674 GiB
2026-09-11 02:53:00,618 GiB
2026-09-11 02:53:30,652 GiB
2026-09-11 02:54:00,627 GiB
2026-09-11 02:54:30,626 GiB
2026-09-11 02:55:00,669 GiB
2026-09-11 02:55:30,636 GiB
2026-09-11 02:56:00,621 GiB
2026-09-11 02:56:30,626 GiB
2026-09-11 02:57:00,635 GiB
2026-09-11 02:57:30,675 GiB
2026-09-11 02:58:00,661 GiB
2026-09-11 02:58:30,671 GiB
2026-09-11 02:59:00,628 GiB
2026-09-11 02:59:30,654 GiB
2026-09-11 03:00:00,661 GiB
2026-09-11 03:00:30,676 GiB
2026-09-11 03:01:00,675 GiB
2026-09-11 03:01:30,628 GiB
2026-09-11 03:02:00,643 GiB
2026-09-11 03:02:30,630 GiB
2026-09-11 03:03:00,652 GiB
2026-09-11 03:03:30,658 GiB
2026-09-11 03:04:00,644 GiB
2026-09-11 03:04:30,672 GiB
2026-09-11 03:05:00,666 GiB
2026-09-11 03:05:30,664 GiB
2026-09-11 03:06:00,659 GiB
2026-09-11 03:06:30,648 GiB
2026-09-11 03:07:00,637 GiB
2026-09-11 03:07:30,669 GiB
2026-09-11 03:08:00,629 GiB
2026-09-11 03:08:30,658 GiB
2026-09-11 03:09:00,650 GiB
2026-09-11 03:09:30,643 GiB
2026-09-11 03:10:00,643 GiB
2026-09-11 03:10:30,657 GiB
2026-09-11 03:11:00,648 GiB
2026-09-11 03:11:30,655 GiB
2026-09-11 03:12:00,625 GiB
2026-09-11 03:12:30,641 GiB
2026-09-11 03:13:00,676 GiB
2026-09-11 03:13:30,634 GiB
2026-09-11 03:14:00,635 GiB
2026-09-11 03:14:30,653 GiB
2026-09-11 03:15:00,648 GiB
2026-09-11 03:15:30,641 GiB
2026-09-11 03:16:00,620 GiB
2026-09-11 03:16:30,619 GiB
2026-09-11 03:17:00,671 GiB
2026-09-11 03:17:30,656 GiB
2026-09-11 03:18:00,652 GiB
2026-09-11 03:18:30,663 GiB
2026-09-11 03:19:00,666 GiB
2026-09-11 03:19:30,637 GiB
2026-09-11 03:20:00,670 GiB
2026-09-11 03:20:30,674 GiB
2026-09-11 03:21:00,653 GiB
2026-09-11 03:21:30,633 GiB
2026-09-11 03:22:00,668 GiB
2026-09-11 03:22:30,650 GiB
2026-09-11 03:23:00,654 GiB
2026-09-11 03:23:30,641 GiB
2026-09-11 03:24:00,676 GiB
2026-09-11 03:24:30,642 GiB
2026-09-11 03:25:00,623 GiB
2026-09-11 03:25:30,624 GiB
2026-09-11 03:26:00,658 GiB
2026-09-11 03:26:30,666 GiB
2026-09-11 03:27:00,668 GiB
2026-09-11 03:27:30,653 GiB
2026-09-11 03:28:00,633 GiB
2026-09-11 03:28:30,622 GiB
2026-09-11 03:29:00,626 GiB
2026-09-11 03:29:30,662 GiB
2026-09-11 03:30:00,657 GiB
2026-09-11 03:30:30,658 GiB
2026-09-11 03:31:00,660 GiB
2026-09-11 03:31:30,670 GiB
2026-09-11 03:32:00,661 GiB
2026-09-11 03:32:30,661 GiB
2026-09-11 03:33:00,658 GiB
2026-09-11 03:33:30,656 GiB
2026-09-11 03:34:00,654 GiB
2026-09-11 03:34:30,662 GiB
2026-09-11 03:35:00,633 GiB
2026-09-11 03:35:30,668 GiB
2026-09-11 03:36:00,672 GiB
2026-09-11 03:36:30,635 GiB
2026-09-11 03:37:00,660 GiB
2026-09-11 03:37:30,636 GiB
2026-09-11 03:38:00,629 GiB
2026-09-11 03:38:30,676 GiB
2026-09-11 03:39:00,631 GiB
2026-09-11 03:39:30,623 GiB
2026-09-11 03:40:00,645 GiB
2026-09-11 03:40:30,647 GiB
2026-09-11 03:41:00,626 GiB
2026-09-11 03:41:30,663 GiB
2026-09-11 03:42:00,647 GiB
2026-09-11 03:42:30,626 GiB
2026-09-11 03:43:00,623 GiB
2026-09-11 03:43:30,626 GiB
2026-09-11 03:44:00,663 GiB
2026-09-11 03:44:30,669 GiB
2026-09-11 03:45:00,675 GiB
2026-09-11 03:45:30,671 GiB
2026-09-11 03:46:00,636 GiB
2026-09-11 03:46:30,645 GiB
2026-09-11 03:47:00,635 GiB
2026-09-11 03:47:30,644 GiB
2026-09-11 03:48:00,672 GiB
2026-09-11 03:48:30,664 GiB
2026-09-11 03:49:00,669 GiB
2026-09-11 03:49:30,663 GiB
2026-09-11 03:50:00,676 GiB
2026-09-11 03:50:30,619 GiB
2026-09-11 03:51:00,635 GiB
2026-09-11 03:51:30,635 GiB
2026-09-11 03:52:00,675 GiB
2026-09-11 03:52:30,674 GiB
2026-09-11 03:53:00,665 GiB
2026-09-11 03:53:30,654 GiB
2026-09-11 03:54:00,664 GiB
2026-09-11 03:54:30,659 GiB
2026-09-11 03:55:00,668 GiB
2026-09-11 03:55:30,671 GiB
2026-09-11 03:56:00,652 GiB
2026-09-11 03:56:30,637 GiB
2026-09-11 03:57:00,627 GiB
2026-09-11 03:57:30,665 GiB
2026-09-11 03:58:00,678 GiB
2026-09-11 03:58:30,674 GiB
2026-09-11 03:59:00,667 GiB
2026-09-11 03:59:30,649 GiB
2026-09-11 04:00:00,627 GiB
2026-09-11 04:00:30,653 GiB
2026-09-11 04:01:00,681 GiB
2026-09-11 04:01:30,673 GiB
2026-09-11 04:02:00,643 GiB
2026-09-11 04:02:30,624 GiB
2026-09-11 04:03:00,664 GiB
2026-09-11 04:03:30,654 GiB
2026-09-11 04:04:00,644 GiB
2026-09-11 04:04:30,630 GiB
2026-09-11 04:05:00,645 GiB
2026-09-11 04:05:30,669 GiB
2026-09-11 04:06:00,668 GiB
2026-09-11 04:06:30,642 GiB
2026-09-11 04:07:00,650 GiB
2026-09-11 04:07:30,626 GiB
2026-09-11 04:08:00,630 GiB
2026-09-11 04:08:30,636 GiB
2026-09-11 04:09:00,638 GiB
2026-09-11 04:09:30,637 GiB
2026-09-11 04:10:00,652 GiB
2026-09-11 04:10:30,644 GiB
2026-09-11 04:11:00,664 GiB
2026-09-11 04:11:30,616 GiB
2026-09-11 04:12:00,654 GiB
2026-09-11 04:12:30,643 GiB
2026-09-11 04:13:00,645 GiB
2026-09-11 04:13:30,615 GiB
2026-09-11 04:14:00,661 GiB
2026-09-11 04:14:30,612 GiB
2026-09-11 04:15:00,672 GiB
2026-09-11 04:15:30,625 GiB
2026-09-11 04:16:00,631 GiB
2026-09-11 04:16:30,649 GiB
2026-09-11 04:17:00,640 GiB
2026-09-11 04:17:30,664 GiB
2026-09-11 04:18:00,664 GiB
2026-09-11 04:18:30,650 GiB
2026-09-11 04:19:00,651 GiB
2026-09-11 04:19:30,620 GiB
2026-09-11 04:20:00,668 GiB
2026-09-11 04:20:30,634 GiB
2026-09-11 04:21:00,664 GiB
2026-09-11 04:21:30,652 GiB
2026-09-11 04:22:00,616 GiB
2026-09-11 04:22:30,666 GiB
2026-09-11 04:23:00,652 GiB
2026-09-11 04:23:30,669 GiB
2026-09-11 04:24:00,639 GiB
2026-09-11 04:24:30,669 GiB
2026-09-11 04:25:00,647 GiB
2026-09-11 04:25:30,640 GiB
2026-09-11 04:26:00,655 GiB
2026-09-11 04:26:30,621 GiB
2026-09-11 04:27:00,655 GiB
2026-09-11 04:27:30,676 GiB
2026-09-11 04:28:00,613 GiB
2026-09-11 04:28:30,642 GiB
2026-09-11 04:29:00,621 GiB
2026-09-11 04:29:30,630 GiB
2026-09-11 04:30:00,633 GiB
2026-09-11 04:30:30,638 GiB
2026-09-11 04:31:00,658 GiB
2026-09-11 04:31:30,674 GiB
2026-09-11 04:32:00,625 GiB
2026-09-11 04:32:30,632 GiB
2026-09-11 04:33:00,667 GiB
2026-09-11 04:33:30,630 GiB
2026-09-11 04:34:00,656 GiB
2026-09-11 04:34:30,642 GiB
2026-09-11 04:35:00,656 GiB
2026-09-11 04:35:30,658 GiB
2026-09-11 04:36:00,622 GiB
2026-09-11 04:36:30,633 GiB
2026-09-11 04:37:00,662 GiB
2026-09-11 04:37:30,661 GiB
2026-09-11 04:38:00,621 GiB
2026-09-11 04:38:30,620 GiB
2026-09-11 04:39:00,638 GiB
2026-09-11 04:39:30,635 GiB
2026-09-11 04:40:00,644 GiB
2026-09-11 04:40:30,658 GiB
2026-09-11 04:41:00,646 GiB
2026-09-11 04:41:30,656 GiB
2026-09-11 04:42:00,628 GiB
2026-09-11 04:42:30,666 GiB
2026-09-11 04:43:00,660 GiB
2026-09-11 04:43:30,619 GiB
2026-09-11 04:44:00,674 GiB
2026-09-11 04:44:30,636 GiB
2026-09-11 04:45:00,634 GiB
2026-09-11 04:45:30,669 GiB
2026-09-11 04:46:00,653 GiB
2026-09-11 04:46:30,649 GiB
2026-09-11 04:47:00,654 GiB
2026-09-11 04:47:30,653 GiB
2026-09-11 04:48:00,655 GiB
2026-09-11 04:48:30,639 GiB
2026-09-11 04:49:00,664 GiB
2026-09-11 04:49:30,673 GiB
2026-09-11 04:50:00,660 GiB
2026-09-11 04:50:30,662 GiB
2026-09-11 04:51:00,667 GiB
2026-09-11 04:51:30,644 GiB
2026-09-11 04:52:00,679 GiB
2026-09-11 04:52:30,657 GiB
2026-09-11 04:53:00,637 GiB
2026-09-11 04:53:30,656 GiB
2026-09-11 04:54:00,625 GiB
2026-09-11 04:54:30,646 GiB
2026-09-11 04:55:00,622 GiB
2026-09-11 04:55:30,661 GiB
2026-09-11 04:56:00,637 GiB
2026-09-11 04:56:30,634 GiB
2026-09-11 04:57:00,630 GiB
2026-09-11 04:57:30,619 GiB
2026-09-11 04:58:00,667 GiB
2026-09-11 04:58:30,661 GiB
2026-09-11 04:59:00,675 GiB
2026-09-11 04:59:30,667 GiB
2026-09-11 05:00:00,655 GiB
2026-09-11 05:00:30,657 GiB
2026-09-11 05:01:00,654 GiB
2026-09-11 05:01:30,629 GiB
2026-09-11 05:02:00,638 GiB
2026-09-11 05:02:30,676 GiB
2026-09-11 05:03:00,650 GiB
2026-09-11 05:03:30,669 GiB
2026-09-11 05:04:00,631 GiB
2026-09-11 05:04:30,623 GiB
2026-09-11 05:05:00,623 GiB
2026-09-11 05:05:30,632 GiB
2026-09-11 05:06:00,658 GiB
2026-09-11 05:06:30,632 GiB
2026-09-11 05:07:00,653 GiB
2026-09-11 05:07:30,669 GiB
2026-09-11 05:08:00,669 GiB
2026-09-11 05:08:30,648 GiB
2026-09-11 05:09:00,671 GiB
2026-09-11 05:09:30,619 GiB
2026-09-11 05:10:00,664 GiB
2026-09-11 05:10:30,624 GiB
2026-09-11 05:11:00,657 GiB
2026-09-11 05:11:30,657 GiB
2026-09-11 05:12:00,669 GiB
2026-09-11 05:12:30,669 GiB
2026-09-11 05:13:00,619 GiB
2026-09-11 05:13:30,671 GiB
2026-09-11 05:14:00,634 GiB
2026-09-11 05:14:30,628 GiB
2026-09-11 05:15:00,671 GiB
2026-09-11 05:15:30,624 GiB
2026-09-11 05:16:00,613 GiB
2026-09-11 05:16:30,628 GiB
2026-09-11 05:17:00,650 GiB
2026-09-11 05:17:30,645 GiB
2026-09-11 05:18:00,639 GiB
2026-09-11 05:18:30,631 GiB
2026-09-11 05:19:00,653 GiB
2026-09-11 05:19:30,673 GiB
2026-09-11 05:20:00,648 GiB
2026-09-11 05:20:30,671 GiB
2026-09-11 05:21:00,632 GiB
2026-09-11 05:21:30,627 GiB
2026-09-11 05:22:00,650 GiB
2026-09-11 05:22:30,656 GiB
2026-09-11 05:23:00,629 GiB
2026-09-11 05:23:30,667 GiB
2026-09-11 05:24:00,630 GiB
2026-09-11 05:24:30,633 GiB
2026-09-11 05:25:00,647 GiB
2026-09-11 05:25:30,669 GiB
2026-09-11 05:26:00,628 GiB
2026-09-11 05:26:30,625 GiB
2026-09-11 05:27:00,646 GiB
2026-09-11 05:27:30,663 GiB
2026-09-11 05:28:00,645 GiB
2026-09-11 05:28:30,663 GiB
2026-09-11 05:29:00,642 GiB
2026-09-11 05:29:30,614 GiB
2026-09-11 05:30:00,650 GiB
2026-09-11 05:30:30,654 GiB
2026-09-11 05:31:00,654 GiB
2026-09-11 05:31:30,677 GiB
2026-09-11 05:32:00,666 GiB
2026-09-11 05:32:30,674 GiB
2026-09-11 05:33:00,635 GiB
2026-09-11 05:33:30,645 GiB
2026-09-11 05:34:00,646 GiB
2026-09-11 05:34:30,659 GiB
2026-09-11 05:35:00,616 GiB
2026-09-11 05:35:30,657 GiB
2026-09-11 05:36:00,629 GiB
2026-09-11 05:36:30,631 GiB
2026-09-11 05:37:00,649 GiB
2026-09-11 05:37:30,655 GiB
2026-09-11 05:38:00,654 GiB
2026-09-11 05:38:30,642 GiB
2026-09-11 05:39:00,644 GiB
2026-09-11 05:39:30,623 GiB
2026-09-11 05:40:00,677 GiB
2026-09-11 05:40:30,628 GiB
2026-09-11 05:41:00,647 GiB
2026-09-11 05:41:30,637 GiB
2026-09-11 05:42:00,642 GiB
2026-09-11 05:42:30,654 GiB
2026-09-11 05:43:00,622 GiB
2026-09-11 05:43:30,649 GiB
2026-09-11 05:44:00,667 GiB
2026-09-11 05:44:30,629 GiB
2026-09-11 05:45:00,644 GiB
2026-09-11 05:45:30,629 GiB
2026-09-11 05:46:00,651 GiB
2026-09-11 05:46:30,649 GiB
2026-09-11 05:47:00,666 GiB
2026-09-11 05:47:30,655 GiB
2026-09-11 05:48:00,674 GiB
2026-09-11 05:48:30,643 GiB
2026-09-11 05:49:00,675 GiB
2026-09-11 05:49:30,668 GiB
2026-09-11 05:50:00,651 GiB
2026-09-11 05:50:30,671 GiB
2026-09-11 05:51:00,672 GiB
2026-09-11 05:51:30,650 GiB
2026-09-11 05:52:00,650 GiB
2026-09-11 05:52:30,671 GiB
2026-09-11 05:53:00,626 GiB
2026-09-11 05:53:30,661 GiB
2026-09-11 05:54:00,621 GiB
2026-09-11 05:54:30,617 GiB
2026-09-11 05:55:00,631 GiB
2026-09-11 05:55:30,642 GiB
2026-09-11 05:56:00,676 GiB
2026-09-11 05:56:30,673 GiB
2026-09-11 05:57:00,677 GiB
2026-09-11 05:57:30,635 GiB
2026-09-11 05:58:00,673 GiB
2026-09-11 05:58:30,626 GiB
2026-09-11 05:59:00,669 GiB
2026-09-11 05:59:30,648 GiB
2026-09-11 06:00:00,643 GiB